:020000040800F2
:10000000102200249D030008C9A90008F9A00008D7
:10001000C1A90008F9070008D9D3000800000000B2
:10002000000000000000000000000000E9AD000832
:10003000A91300080000000041AA000849AE00080A
:10004000BB030008BB030008BB030008BB03000898
:10005000BB030008BB030008BB030008BB03000888
:10006000BB030008BB030008BB030008010800082D
:10007000110800082108000831080008410800089C
:100080005108000861080008BB030008BB03000812
:10009000BB030008BB030008BB030008BB03000848
:1000A000BB030008BB030008BB030008BB03000838
:1000B000BB030008BB030008BB030008BB03000828
:1000C000BB030008BB030008BB030008BB03000818
:1000D000BB030008BB030008C9D30008BB0300082A
:1000E000BB030008BB03000800000000BB030008BE
:1000F000BB030008B1B20008BB0300087108000888
:10010000BB030008BB030008A1B20008BB03000842
:10011000BB030008BB030008BB030008BB030008C7
:100120008108000891080008A1080008B10800082B
:10013000C1080008BB030008BB030008BB0300089C
:1001400000000000000000000000000000000000AF
:10015000D1080008E1080008F1080008BB03000806
:10016000BB030008BB030008BB030008BB03000877
:10017000BB030008BB030008BB030008000000002D
:10018000BB030008BB030008BB030008BB03000857
:10019000BB030008BB030008BB030008BB03000847
:1001A000BB030008BB030008BB03000800000000FD
:1001B000BB030008BB030008BB030008BB03000827
:1001C000BB030008BB0300080000000000000000A3
:1001D0000000000000000000BB0300080000000059
:1001E000000000000000000000000000000000000F
:1001F0000000000000000000BB030008BB03000873
:10020000BB030008BB03000800000000BB0300089C
:10021000BB030008BB030008BB030008BB030008C6
:10022000BB03000800000000BB0300080000000042
:10023000BB030008BB03000800000000BB0300086C
:10024000BB030008BB030008BB030008BB03000896
:10025000BB030008BB030008BB030008BB03000886
:10026000BB030008BB030008BB030008BB03000876
:10027000BB030008BB030008BB030008000000002C
:10028000BB030008BB030008BB030008BB03000856
:1002900000000000BB030008BB03000800000000D2
:1002A00000000000BB030008BB030008BB030008FC
:1002B000BB030008BB030008BB030008BB03000826
:1002C000BB030008BB030008BB03000800F002F8F2
:1002D00000F054F814A696E8000CB244B344DA4592
:1002E00001D100F04BF8BAE80F000FA696E83000F5
:1002F000A5EB040504EB0607AAEB0704A7F1010729
:100300004FEA15154FEA3414A4F10104AC4201D3AD
:1003100000F034F813F0010F18BFFB1A43F001038B
:1003200000F001F8DBE7184730EF000050EF000065
:10033000103A24BF78C878C1FAD8520724BF30C811
:1003400030C144BF04680C60704700007047000073
:100350000023002400250026103A28BF78C1FBD8CE
:10036000520728BF30C148BF0B6070471FB50EF061
:10037000FCFE00F06DF91FBD10B510BD00F0C2F914
:100380001146FFF7F3FF0EF00BFE00F0E0F903B4A7
:10039000FFF7F2FF03BC00F0AFF900000A48804706
:1003A0000A4880470A480047FEE7FEE7FEE7FEE707
:1003B000FEE7FEE7FEE7FEE7FEE7FEE70548064943
:1003C000064A074B70470000C113000839B1000806
:1003D000CD020008101C002410220024101E00244E
:1003E000101E002453EA020C00F069802DE9F04B46
:1003F0004FF00006002B1FBFB3FA83F503FA05F494
:1004000024FA05F65E4012BF1643B2FA82F502FAEC
:1004100005F4C5F120051EBF22FA05FC44EA0C04D0
:10042000203556EA044C4FEA144418BF641C4FF0C0
:1004300000084FF00009904271EB030C39D30029FA
:1004400019BFB1FA81F701FA07F6B0FA80F700FA9E
:1004500007F6C7F120071EBF20FA07FC46EA0C0684
:100460002037B6FBF4FCA7EB0507103F07F01F0B86
:10047000CBF120062CFA06F60CFA0BFB44BFB34670
:100480000026202FA4BF5E464FF0000B5BEA060C4F
:1004900008BF4FF0010B19EB0B0948EB0608ABFB4B
:1004A000027C06FB02CC0BFB03CCC01B71EB0C01E6
:1004B000C1E70B46024641464846BDE8F08B13B5FE
:1004C000084318BF4FF0FF300146AFF30080BDE88E
:1004D0001C40704740EA010310B59B070FD1042A66
:1004E0000DD310C808C9121F9C42F8D020BA19BAFF
:1004F000884201D9012010BD4FF0FF3010BD1AB164
:10050000D30703D0521C07E0002010BD10F8013BB8
:1005100011F8014B1B1B07D110F8013B11F8014BDF
:100520001B1B01D1921EF1D1184610BD032A40F2C7
:10053000308010F0030C00F0158011F8013BBCF185
:10054000020F624498BF11F801CB00F8013B38BF9D
:1005500011F8013BA2F1040298BF00F801CB38BFAB
:1005600000F8013B11F0030300F08880083AC0F066
:10057000088051F8043B083A51F804CBA0E8081071
:10058000F5E7121D5CBF51F8043B40F8043BAFF3A4
:100590000080D20724BF11F8013B11F801CB48BFFE
:1005A00011F8012B24BF00F8013B00F801CB48BF34
:1005B00000F8012B70474FF000020429C0F01280B0
:1005C00010F0030C00F01B80CCF1040CBCF1020F06
:1005D00018BF00F8012BA8BF20F8022BA1EB0C01DB
:1005E00000F00DB85FEAC17C24BF00F8012B00F8D1
:1005F000012B48BF00F8012B70474FF0000200B5F7
:10060000134694469646203922BFA0E80C50A0E835
:100610000C50B1F12001BFF4F7AF090728BFA0E8E3
:100620000C5048BF0CC05DF804EB890028BF40F8AF
:10063000042B08BF704748BF20F8022B11F0804FF1
:1006400018BF00F8012B70477047704770470000D3
:1006500008487CB57844009007487844009C0546DB
:10066000019004E02046016808448047241DAC4204
:10067000F8D17CBD20EC00001EEC000010B5203A43
:10068000C0F00B80B1E81850A0E81850B1E818503D
:10069000A0E81850203ABFF4F5AF5FEA027C24BF0F
:1006A000B1E81850A0E8185044BF18C918C0BDE8F8
:1006B00010405FEA827C24BF51F8043B40F8043BC1
:1006C00008BF7047D20728BF31F8023B48BF11F876
:1006D000012B28BF20F8023B48BF00F8012B7047D0
:1006E00010B5002000F03CF8FFF746FEBDE81040D2
:1006F000012000F001B8000001491820ABBEFEE760
:1007000026000200754600F033F8AE460500694643
:10071000534620F00700854618B020B5FFF74EFE7F
:10072000BDE820404FF000064FF000074FF00008F2
:100730004FF0000BAC46ACE8C009ACE8C009ACE82F
:10074000C009ACE8C00921F007018D46704710B51B
:100750000446AFF300802046BDE81040FFF717BE07
:1007600010B500F00FF8BDE8104000F006B800002A
:1007700000487047100000247047002801D0FFF7A0
:10078000BBBF704710B5002102A000F013F8012094
:1007900010BD0000534947414252543A2041626E15
:1007A0006F726D616C207465726D696E6174696FD2
:1007B0006E00000070B505460C460A2000E06D1C76
:1007C00000F011F835B128780028F8D102E0641C57
:1007D00000F009F814B120780028F8D1BDE8704085
:1007E0000A20AFF3008008B569468DF800000320A9
:1007F000ABBE08BD00000000FFE7FEE70000000000
:1008000080B541F2D410C2F2004001F009FE80BD73
:1008100080B541F24C20C2F2004001F001FE80BDE3
:1008200080B541F23C30C2F2004001F0F9FD80BDDC
:1008300080B541F2C420C2F2004001F0F1FD80BD5C
:1008400080B541F2B430C2F2004001F0E9FD80BD54
:1008500080B541F22C40C2F2004001F0E1FD80BDC4
:1008600080B541F2A440C2F2004001F0D9FD80BD44
:1008700080B541F21C50C2F2004001F0D1FD80BDB4
:1008800080B541F29450C2F2004001F0C9FD80BD34
:1008900080B541F20C60C2F2004001F0C1FD80BDA4
:1008A00080B541F28460C2F2004001F0B9FD80BD24
:1008B00080B541F2FC60C2F2004001F0B1FD80BDA4
:1008C00080B541F27470C2F2004001F0A9FD80BD14
:1008D00080B541F2EC70C2F2004001F0A1FD80BD94
:1008E00080B541F66400C2F2004001F099FD80BD80
:1008F00080B541F6DC00C2F2004001F091FD80BD00
:1009000083B002900298016801201022C4F2020212
:100910009142009000F0A380FFE702980168012057
:100920002822C4F202029142009000F09880FFE772
:100930000298016801204022C4F202029142009014
:1009400000F08D80FFE70298016801205822C4F270
:1009500002029142009000F08280FFE70298016855
:1009600001207022C4F202029142009077D0FFE78A
:100970000298016801208822C4F20202914200908C
:100980006DD0FFE7029801680120A022C4F20202A4
:100990009142009063D0FFE7029801680120B822DD
:1009A000C4F202029142009059D0FFE70298016818
:1009B000012040F21042C4F20202914200904ED057
:1009C000FFE702980168012040F22842C4F20202C7
:1009D0009142009043D0FFE702980168012040F265
:1009E0004042C4F202029142009038D0FFE70298E0
:1009F0000168012040F25842C4F202029142009084
:100A00002DD0FFE702980168012040F27042C4F245
:100A100002029142009022D0FFE702980168012073
:100A200040F28842C4F202029142009017D0FFE7E0
:100A300002980168012040F2A042C4F202029142F1
:100A400000900CD0FFE7029800684FF64831CBF6D3
:100A5000FD710844B0FA80F040090090FFE700986B
:100A6000C00740B3FFE70298007810384AF6AB2180
:100A7000CAF6AA21A0FB011000090190019800F01C
:100A800007014FF29410C0F60000405C0299C8655F
:100A90000198042807D3FFE702990868042262F34B
:100AA0000900886506E00299086840F2FF32904329
:100AB0008865FFE705E00299086820F0FF00886577
:100AC000FFE70298806D03B070470000000000004F
:100AD00084B0039003980068019003980168012096
:100AE00045F20842C5F60202914200904ED0FFE75F
:100AF00003980168012045F21C42C5F602029142AA
:100B0000009043D0FFE703980168012045F230428E
:100B1000C5F602029142009038D0FFE703980168C1
:100B2000012045F24442C5F60202914200902DD0C8
:100B3000FFE703980168012045F25842C5F602021A
:100B40009142009022D0FFE703980168012045F20E
:100B50006C42C5F602029142009017D0FFE703985D
:100B60000168012045F28042C5F6020291420090E0
:100B70000CD0FFE7039800684AF66C31CAF2FD71A9
:100B80000844B0FA80F040090090FFE70098C007E1
:100B900010B3FFE70398007808384CF6CD41CCF647
:100BA000CC41A0FB011000090290029945F600001B
:100BB000C5F6020000EB810003990866039945F62B
:100BC0008000C5F602004866029800F01F0101206F
:100BD00088400399886635E00398007810384AF613
:100BE000AB21CAF6AA21A0FB0110000902900198CE
:100BF00040F2B841C4F2020188420CD8FFE70198E4
:100C000040F21041C4F20201884204D3FFE7029887
:100C100008300290FFE7029940F60000C4F202009B
:100C200000EB810003990866039940F68000C4F246
:100C300002004866029800F01F01012088400399D5
:100C40008866FFE704B0704783B00290029800798D
:100C500001900198002800F08A80FFE70198082899
:100C600000F28580FFE702980168012045F2084202
:100C7000C5F60202914200904ED0FFE7029801684B
:100C8000012045F21C42C5F602029142009043D079
:100C9000FFE702980168012045F23042C5F60202E2
:100CA0009142009038D0FFE702980168012045F298
:100CB0004442C5F60202914200902DD0FFE702980F
:100CC0000168012045F25842C5F6020291420090A7
:100CD00022D0FFE702980168012045F26C42C5F678
:100CE00002029142009017D0FFE7029801680120AC
:100CF00045F28042C5F60202914200900CD0FFE717
:100D0000029800684AF66C31CAF2FD710844B0FAE4
:100D100080F040090090FFE70098C00780B1FFE72E
:100D2000019945F6FC00C5F6020000EB810002992E
:100D3000C866029945F64010C5F6020008670FE044
:100D4000019940F6FC00C4F2020000EB8100029918
:100D5000C866029940F64010C4F202000867FFE737
:100D60000198411E0120884002994867FFE703B0BF
:100D7000704700000000000085B0049000208DF84E
:100D80000F000498806918BBFFE70498806A0290FE
:100D900003281BD80299DFE801F0020D021804981D
:100DA00090F82F00C00720B1FFE701208DF80F0059
:100DB000FFE70CE00498C06AB0F1C07F04D1FFE700
:100DC00001208DF80F00FFE701E000E0FFE747E0BA
:100DD00004988069B0F5005F26D1FFE70498806A27
:100DE000019003281ED80199DFE801F002060211E4
:100DF00001208DF80F0016E0049890F82F00C0072E
:100E000020B1FFE701208DF80F00FFE70BE0049809
:100E1000C06AB0F1C07F04D1FFE701208DF80F0058
:100E2000FFE700E0FFE71AE00498806A00900328DB
:100E300004D3FFE70098032804D00EE001208DF8CA
:100E40000F000BE0049890F82F00C00720B1FFE7D7
:100E500001208DF80F00FFE700E0FFE7FFE7FFE765
:100E60009DF80F0005B0704789B008900791069271
:100E700005930898806D04900898806D03900898F9
:100E8000016801201022C4F202029142029000F097
:100E90000381FFE70898016801202822C4F20202BA
:100EA0009142029000F0F880FFE708980168012065
:100EB0004022C4F202029142029000F0ED80FFE76E
:100EC0000898016801205822C4F20202914202905F
:100ED00000F0E280FFE70898016801207022C4F268
:100EE00002029142029000F0D780FFE70898016863
:100EF00001208822C4F202029142029000F0CC80CC
:100F0000FFE7089801680120A022C4F20202914282
:100F1000029000F0C180FFE7089801680120B82224
:100F2000C4F202029142029000F0B680FFE70898F6
:100F30000168012040F21042C4F202029142029084
:100F400000F0AA80FFE708980168012040F22842DB
:100F5000C4F202029142029000F09E80FFE70898DE
:100F60000168012040F24042C4F202029142029024
:100F700000F09280FFE708980168012040F2584293
:100F8000C4F202029142029000F08680FFE70898C6
:100F90000168012040F27042C4F2020291420290C4
:100FA0007AD0FFE708980168012040F28842C4F235
:100FB0000202914202906FD0FFE708980168012079
:100FC00040F2A042C4F202029142029064D0FFE7D4
:100FD00008980168012040F2B842C4F2020291422E
:100FE000029059D0FFE708980168012045F20842B5
:100FF000C5F60202914202904ED0FFE708980168C0
:10100000012045F21C42C5F602029142029043D0F3
:10101000FFE708980168012045F23042C5F6020258
:101020009142029038D0FFE708980168012045F20C
:101030004442C5F60202914202902DD0FFE7089883
:101040000168012045F25842C5F602029142029021
:1010500022D0FFE708980168012045F26C42C5F6EE
:1010600002029142029017D0FFE708980168012020
:1010700045F28042C5F60202914202900CD0FFE791
:10108000089800684AF66C31CAF2FD710844B0FA5B
:1010900080F040090290FFE70298C00770B1FFE7B7
:1010A0000898416E806E48600898C06E28B1FFE7CE
:1010B0000898016F406F4860FFE7FFE708980168F4
:1010C00001201022C4F202029142019000F0A3809C
:1010D000FFE70898016801202822C4F20202914229
:1010E000019000F09880FFE70898016801204022F5
:1010F000C4F202029142019000F08D80FFE708984F
:10110000016801205822C4F202029142019000F0CD
:101110008280FFE70898016801207022C4F2020271
:101120009142019077D0FFE708980168012088225A
:10113000C4F20202914201906DD0FFE70898016865
:101140000120A022C4F202029142019063D0FFE785
:10115000089801680120B822C4F20202914201906D
:1011600059D0FFE708980168012040F21042C4F20C
:101170000202914201904ED0FFE7089801680120D9
:1011800040F22842C4F202029142019043D0FFE7AC
:1011900008980168012040F24042C4F202029142E4
:1011A000019038D0FFE708980168012040F25842CA
:1011B000C4F20202914201902DD0FFE70898016825
:1011C000012040F27042C4F202029142019022D00A
:1011D000FFE708980168012040F28842C4F2020249
:1011E0009142019017D0FFE708980168012040F272
:1011F000A042C4F20202914201900CD0FFE708988D
:1012000000684FF64831CBF6FD710844B0FA80F023
:1012100040090190FFE70198C00750B3FFE7089825
:10122000C06D00F01F013F20884004998860089835
:101230000168086820F4802008600598089909680A
:10124000486008988068402809D1FFE70698089907
:1012500009688860079808990968C86008E00798D5
:10126000089909688860069808990968C860FFE7C6
:1012700082E008980168012045F20842C5F60202A2
:10128000914200904ED0FFE708980168012045F296
:101290001C42C5F602029142009043D0FFE7089835
:1012A0000168012045F23042C5F6020291420090E9
:1012B00038D0FFE708980168012045F24442C5F69E
:1012C0000202914200902DD0FFE7089801680120AA
:1012D00045F25842C5F602029142009022D0FFE743
:1012E00008980168012045F26C42C5F6020291425D
:1012F000009017D0FFE708980168012045F280426E
:10130000C5F60202914200900CD0FFE708980068F1
:101310004AF66C31CAF2FD710844B0FA80F0400917
:101320000090FFE70098C00720B3FFE70898C06D62
:1013300000F01F0101208840039948600598089932
:101340000968486008988068402809D1FFE7069836
:10135000089909688860079808990968C86008E0D2
:101360000798089909688860069808990968C8600C
:10137000FFE700E0FFE7FFE709B07047000000006B
:101380004EF6FC51CEF20001086840F08070086013
:1013900041F20001CEF20001086840F0010008604F
:1013A00070470000000000007047000000000000CF
:1013B00081B0EFF3108072B60090FFE7FEE7000007
:1013C00044F60C01C5F60201086840F0020008600E
:1013D000FFE744F60400C5F6020000688004002818
:1013E00001D4FFE7F5E7704780B58AB0089003F0B5
:1013F000FFFA0490089828B9FFE701208DF827002C
:1014000000F0AABC089890F8350002280ED0FFE73B
:10141000089980204865FFE70899002081F834008A
:10142000FFE701208DF8270000F096BC08980168BE
:1014300001201022C4F202029142039000F0A38026
:10144000FFE70898016801202822C4F202029142B5
:10145000039000F09880FFE708980168012040227F
:10146000C4F202029142039000F08D80FFE70898D9
:10147000016801205822C4F202029142039000F058
:101480008280FFE70898016801207022C4F20202FE
:101490009142039077D0FFE70898016801208822E5
:1014A000C4F20202914203906DD0FFE708980168F0
:1014B0000120A022C4F202029142039063D0FFE710
:1014C000089801680120B822C4F2020291420390F8
:1014D00059D0FFE708980168012040F21042C4F299
:1014E0000202914203904ED0FFE708980168012064
:1014F00040F22842C4F202029142039043D0FFE737
:1015000008980168012040F24042C4F20202914270
:10151000039038D0FFE708980168012040F2584254
:10152000C4F20202914203902DD0FFE708980168AF
:10153000012040F27042C4F202029142039022D094
:10154000FFE708980168012040F28842C4F20202D5
:101550009142039017D0FFE708980168012040F2FC
:10156000A042C4F20202914203900CD0FFE7089817
:1015700000684FF64831CBF6FD710844B0FA80F0B0
:1015800040090390FFE70398C00780B1FFE7089880
:101590000168086820F01E00086008980168486922
:1015A00020F08000486108980068059009E00898DC
:1015B0000168086820F00E0008600898006805902F
:1015C000FFE70898016801201022C4F2020291424C
:1015D000029000F00381FFE70898016801202822AB
:1015E000C4F202029142029000F0F880FFE70898EE
:1015F000016801204022C4F202029142029000F0F0
:10160000ED80FFE70898016801205822C4F2020229
:101610009142029000F0E280FFE708980168012003
:101620007022C4F202029142029000F0D780FFE7DC
:101630000898016801208822C4F2020291420290B7
:1016400000F0CC80FFE7089801680120A022C4F2D6
:1016500002029142029000F0C180FFE70898016801
:101660000120B822C4F202029142029000F0B6803A
:10167000FFE708980168012040F21042C4F202021C
:101680009142029000F0AA80FFE7089801680120CB
:1016900040F22842C4F202029142029000F09E8081
:1016A000FFE708980168012040F24042C4F20202BC
:1016B0009142029000F09280FFE7089801680120B3
:1016C00040F25842C4F202029142029000F0868039
:1016D000FFE708980168012040F27042C4F202025C
:1016E000914202907AD0FFE708980168012040F209
:1016F0008842C4F20202914202906FD0FFE708983C
:101700000168012040F2A042C4F20202914202901C
:1017100064D0FFE708980168012040F2B842C4F2A3
:1017200002029142029059D0FFE708980168012017
:1017300045F20842C5F60202914202904ED0FFE700
:1017400008980168012045F21C42C5F60202914248
:10175000029043D0FFE708980168012045F230422B
:10176000C5F602029142029038D0FFE7089801685E
:10177000012045F24442C5F60202914202902DD06A
:10178000FFE708980168012045F25842C5F60202B9
:101790009142029022D0FFE708980168012045F2AB
:1017A0006C42C5F602029142029017D0FFE70898FA
:1017B0000168012045F28042C5F602029142029082
:1017C0000CD0FFE7089800684AF66C31CAF2FD7148
:1017D0000844B0FA80F040090290FFE70298C00781
:1017E00038B1FFE70898016E086820F4807008603F
:1017F000FFE7089800681021C4F20201884200F057
:101800008180FFE7089800682821C4F2020188421D
:1018100078D0FFE7089800684021C4F202018842AE
:1018200070D0FFE7089800685821C4F2020188428E
:1018300068D0FFE7089800687021C4F2020188426E
:1018400060D0FFE7089800688821C4F2020188424E
:1018500058D0FFE708980068A021C4F2020188422E
:1018600050D0FFE708980068B821C4F2020188420E
:1018700048D0FFE70898006840F21041C4F2020126
:1018800088423FD0FFE70898006840F22841C4F240
:101890000201884236D0FFE70898006840F24041D4
:1018A000C4F2020188422DD0FFE70898006840F298
:1018B0005841C4F20201884224D0FFE7089800682A
:1018C00040F27041C4F2020188421BD0FFE7089841
:1018D000006840F28841C4F20201884212D0FFE75A
:1018E0000898006840F2A041C4F20201884209D081
:1018F000FFE70898006840F2B841C4F2020188424C
:1019000007D1FFE708980168086820F00100086027
:1019100006E008980168086820F001000860FFE709
:10192000FFE705980068C007C8B1FFE703F060F85B
:101930000499401A062811D3FFE70899202048652A
:101940000899032081F83500FFE70899002081F805
:101950003400FFE701208DF82700FDE1E1E708985A
:10196000016801201022C4F202029142019000F0AD
:10197000A380FFE70898016801202822C4F2020230
:101980009142019000F09880FFE7089801680120DB
:101990004022C4F202029142019000F08D80FFE7E4
:1019A0000898016801205822C4F202029142019075
:1019B00000F08280FFE70898016801207022C4F2DD
:1019C00002029142019077D0FFE708980168012058
:1019D0008822C4F20202914201906DD0FFE708987C
:1019E00001680120A022C4F202029142019063D05A
:1019F000FFE7089801680120B822C4F20202914270
:101A0000019059D0FFE708980168012040F2104288
:101A1000C4F20202914201904ED0FFE7089801689B
:101A2000012040F22842C4F202029142019043D0C8
:101A3000FFE708980168012040F24042C4F2020228
:101A40009142019038D0FFE708980168012040F2E8
:101A50005842C4F20202914201902DD0FFE708984B
:101A60000168012040F27042C4F2020291420190EA
:101A700022D0FFE708980168012040F28842C4F2B2
:101A800002029142019017D0FFE7089801680120F7
:101A900040F2A042C4F20202914201900CD0FFE752
:101AA000089800684FF64831CBF6FD710844B0FA4B
:101AB00080F040090190FFE70198C00760B1FFE79F
:101AC0000898806D07900898C06D00F01F013F20B6
:101AD0008840079988600BE00898806D0690089808
:101AE000C06D00F01F010120884006994860FFE7A3
:101AF0000898016801201022C4F20202914200906D
:101B000000F00381FFE70898016801202822C4F251
:101B100002029142009000F0F880FFE70898016807
:101B200001204022C4F202029142009000F0ED80B8
:101B3000FFE70898016801205822C4F2020291428E
:101B4000009000F0E280FFE7089801680120702211
:101B5000C4F202029142009000F0D780FFE708989B
:101B6000016801208822C4F202029142009000F034
:101B7000CC80FFE7089801680120A022C4F202028D
:101B80009142009000F0C180FFE7089801680120B1
:101B9000B822C4F202029142009000F0B680FFE742
:101BA00008980168012040F21042C4F202029142FA
:101BB000009000F0AA80FFE708980168012040F239
:101BC0002842C4F202029142009000F09E80FFE79A
:101BD00008980168012040F24042C4F2020291429A
:101BE000009000F09280FFE708980168012040F221
:101BF0005842C4F202029142009000F08680FFE752
:101C000008980168012040F27042C4F20202914239
:101C100000907AD0FFE708980168012040F28842DE
:101C2000C4F20202914200906FD0FFE70898016869
:101C3000012040F2A042C4F202029142009064D01E
:101C4000FFE708980168012040F2B842C4F202029E
:101C50009142009059D0FFE708980168012045F2B1
:101C60000842C5F60202914200904ED0FFE7089864
:101C70000168012045F21C42C5F602029142009023
:101C800043D0FFE708980168012045F23042C5F6CD
:101C900002029142009038D0FFE7089801680120C5
:101CA00045F24442C5F60202914200902DD0FFE772
:101CB00008980168012045F25842C5F60202914297
:101CC000009022D0FFE708980168012045F26C429D
:101CD000C5F602029142009017D0FFE7089801680C
:101CE000012045F28042C5F60202914200900CD0DC
:101CF000FFE7089800684AF66C31CAF2FD710844A3
:101D0000B0FA80F040090090FFE70098C007A0B14A
:101D1000FFE70898416E806E48600898C06E58B121
:101D2000FFE70898C16E086820F480700860089882
:101D3000016F406F4860FFE7FFE70899012081F8D5
:101D40003500FFE70899002081F83400FFE7FFE73E
:101D500000208DF82700FFE79DF827000AB080BD1E
:101D600080B586B00490049820B9FFE701208DF873
:101D7000170046E3049890F83500022807D0FFE7E3
:101D800004998020486501208DF8170039E30498F4
:101D9000016801201022C4F202029142029000F078
:101DA000A380FFE70498016801202822C4F2020200
:101DB0009142029000F09880FFE7049801680120AA
:101DC0004022C4F202029142029000F08D80FFE7AF
:101DD0000498016801205822C4F202029142029044
:101DE00000F08280FFE70498016801207022C4F2AD
:101DF00002029142029077D0FFE704980168012027
:101E00008822C4F20202914202906DD0FFE704984A
:101E100001680120A022C4F202029142029063D024
:101E2000FFE7049801680120B822C4F2020291423F
:101E3000029059D0FFE704980168012040F2104257
:101E4000C4F20202914202904ED0FFE7049801686A
:101E5000012040F22842C4F202029142029043D093
:101E6000FFE704980168012040F24042C4F20202F8
:101E70009142029038D0FFE704980168012040F2B7
:101E80005842C4F20202914202902DD0FFE704981A
:101E90000168012040F27042C4F2020291420290B5
:101EA00022D0FFE704980168012040F28842C4F282
:101EB00002029142029017D0FFE7049801680120C6
:101EC00040F2A042C4F20202914202900CD0FFE71D
:101ED000049800684FF64831CBF6FD710844B0FA1B
:101EE00080F040090290FFE70298C007002800F048
:101EF0009D80FFE70499042081F83500049800686C
:101F00001021C4F20201884200F08180FFE70498AA
:101F100000682821C4F20201884278D0FFE70498C3
:101F200000684021C4F20201884270D0FFE70498A3
:101F300000685821C4F20201884268D0FFE7049883
:101F400000687021C4F20201884260D0FFE7049863
:101F500000688821C4F20201884258D0FFE7049843
:101F60000068A021C4F20201884250D0FFE7049823
:101F70000068B821C4F20201884248D0FFE7049803
:101F8000006840F21041C4F2020188423FD0FFE7EE
:101F90000498006840F22841C4F20201884236D019
:101FA000FFE70498006840F24041C4F20201884211
:101FB0002DD0FFE70498006840F25841C4F20201B6
:101FC000884224D0FFE70498006840F27041C4F2D0
:101FD000020188421BD0FFE70498006840F2884164
:101FE000C4F20201884212D0FFE70498006840F270
:101FF000A041C4F20201884209D0FFE704980068BA
:1020000040F2B841C4F20201884207D1FFE70498C8
:102010000168086820F00100086006E00498016883
:10202000086820F001000860FFE7E5E10498016816
:10203000086820F00E000860049800681021C4F2BF
:102040000201884200F08180FFE70498006828219F
:10205000C4F20201884278D0FFE70498006840216A
:10206000C4F20201884270D0FFE70498006858214A
:10207000C4F20201884268D0FFE70498006870212A
:10208000C4F20201884260D0FFE70498006888210A
:10209000C4F20201884258D0FFE704980068A021EA
:1020A000C4F20201884250D0FFE704980068B821CA
:1020B000C4F20201884248D0FFE70498006840F269
:1020C0001041C4F2020188423FD0FFE70498006843
:1020D00040F22841C4F20201884236D0FFE704985A
:1020E000006840F24041C4F2020188422DD0FFE76F
:1020F0000498006840F25841C4F20201884224D09A
:10210000FFE70498006840F27041C4F2020188427F
:102110001BD0FFE70498006840F28841C4F2020136
:10212000884212D0FFE70498006840F2A041C4F250
:102130000201884209D0FFE70498006840F2B841E4
:10214000C4F20201884207D1FFE7049801680868D9
:1021500020F00100086006E004980168086820F09B
:1021600001000860FFE70498016801201022C4F212
:1021700002029142019000F00381FFE70498016898
:1021800001202822C4F202029142019000F0F8805E
:10219000FFE70498016801204022C4F20202914244
:1021A000019000F0ED80FFE70498016801205822BB
:1021B000C4F202029142019000F0E280FFE704982D
:1021C000016801207022C4F202029142019000F0E5
:1021D000D780FFE70498016801208822C4F2020238
:1021E0009142019000F0CC80FFE704980168012043
:1021F000A022C4F202029142019000F0C180FFE7E8
:10220000049801680120B822C4F2020291420190B0
:1022100000F0B680FFE704980168012040F2104208
:10222000C4F202029142019000F0AA80FFE70498F4
:102230000168012040F22842C4F20202914201905A
:1022400000F09E80FFE704980168012040F24042C0
:10225000C4F202029142019000F09280FFE70498DC
:102260000168012040F25842C4F2020291420190FA
:1022700000F08680FFE704980168012040F2704278
:10228000C4F20202914201907AD0FFE704980168FB
:10229000012040F28842C4F20202914201906FD0C4
:1022A000FFE704980168012040F2A042C4F2020254
:1022B0009142019064D0FFE704980168012040F248
:1022C000B842C4F202029142019059D0FFE704984B
:1022D0000168012045F20842C5F6020291420190D0
:1022E0004ED0FFE704980168012045F21C42C5F674
:1022F00002029142019043D0FFE704980168012057
:1023000045F23042C5F602029142019038D0FFE713
:1023100004980168012045F24442C5F60202914248
:1023200001902DD0FFE704980168012045F2584242
:10233000C5F602029142019022D0FFE7049801689D
:10234000012045F26C42C5F602029142019017D07D
:10235000FFE704980168012045F28042C5F60202B9
:10236000914201900CD0FFE7049800684AF66C3166
:10237000CAF2FD710844B0FA80F040090190FFE70D
:102380000198C00728B3FFE70498016E086820F49D
:10239000807008600498806D03900498C06D00F010
:1023A0001F0101208840039948600498416E806EA7
:1023B00048600498C06E58B1FFE70498C16E086881
:1023C00020F4807008600498016F406F4860FFE758
:1023D000FFE70499012081F83500FFE70499002008
:1023E00081F83400FFE70498006D20B1FFE70498FE
:1023F000016D8847FFE7FFE7FFE700208DF8170032
:10240000FFE79DF8170006B080BD00000000000047
:1024100081B000900098406D01B07047000000004E
:1024200080B590B00F9000200B9040F20000C2F2F7
:102430000040006848F2B511C1F64E31A0FB011012
:10244000800A0A900F98806D09900F98806D08900F
:10245000099800680E90089800680D900F98016820
:1024600001201022C4F202029142079000F0A380E2
:10247000FFE70F98016801202822C4F2020291426E
:10248000079000F09880FFE70F9801680120402234
:10249000C4F202029142079000F08D80FFE70F988E
:1024A000016801205822C4F202029142079000F014
:1024B0008280FFE70F98016801207022C4F20202B7
:1024C0009142079077D0FFE70F980168012088229A
:1024D000C4F20202914207906DD0FFE70F980168A5
:1024E0000120A022C4F202029142079063D0FFE7CC
:1024F0000F9801680120B822C4F2020291420790AD
:1025000059D0FFE70F980168012040F21042C4F251
:102510000202914207904ED0FFE70F980168012018
:1025200040F22842C4F202029142079043D0FFE7F2
:102530000F980168012040F24042C4F20202914229
:10254000079038D0FFE70F980168012040F2584209
:10255000C4F20202914207902DD0FFE70F98016864
:10256000012040F27042C4F202029142079022D050
:10257000FFE70F980168012040F28842C4F202028E
:102580009142079017D0FFE70F980168012040F2B1
:10259000A042C4F20202914207900CD0FFE70F98CC
:1025A00000684FF64831CBF6FD710844B0FA80F070
:1025B00040090790FFE70798C007002800F013853F
:1025C000FFE70E980F99C96D01F01F01C840000781
:1025D000002840F1B080FFE70F9800681021C4F296
:1025E0000201884200F08180FFE70F9800682821EF
:1025F000C4F20201884278D0FFE70F9800684021BA
:10260000C4F20201884270D0FFE70F980068582199
:10261000C4F20201884268D0FFE70F980068702179
:10262000C4F20201884260D0FFE70F980068882159
:10263000C4F20201884258D0FFE70F980068A02139
:10264000C4F20201884250D0FFE70F980068B82119
:10265000C4F20201884248D0FFE70F98006840F2B8
:102660001041C4F2020188423FD0FFE70F98006892
:1026700040F22841C4F20201884236D0FFE70F98A9
:10268000006840F24041C4F2020188422DD0FFE7C9
:102690000F98006840F25841C4F20201884224D0E9
:1026A000FFE70F98006840F27041C4F202018842CF
:1026B0001BD0FFE70F98006840F28841C4F2020186
:1026C000884212D0FFE70F98006840F2A041C4F2A0
:1026D0000201884209D0FFE70F98006840F2B84134
:1026E000C4F20201884207D1FFE70F980068006832
:1026F00000F00400069006E00F980068006800F003
:1027000008000690FFE70698A0B1FFE70F98016860
:10271000086820F0040008600F98C06D00F01F01E9
:1027200008208840099988600F99486D40F00100A1
:102730004865FFE7FFE70E980F99C96D01F01F018B
:10274000C840C007002800F0A980FFE70F98006884
:102750001021C4F20201884200F08180FFE70F9847
:1027600000682821C4F20201884278D0FFE70F9860
:1027700000684021C4F20201884270D0FFE70F9840
:1027800000685821C4F20201884268D0FFE70F9820
:1027900000687021C4F20201884260D0FFE70F9800
:1027A00000688821C4F20201884258D0FFE70F98E0
:1027B0000068A021C4F20201884250D0FFE70F98C0
:1027C0000068B821C4F20201884248D0FFE70F98A0
:1027D000006840F21041C4F2020188423FD0FFE796
:1027E0000F98006840F22841C4F20201884236D0B6
:1027F000FFE70F98006840F24041C4F202018842AE
:102800002DD0FFE70F98006840F25841C4F2020152
:10281000884224D0FFE70F98006840F27041C4F26C
:10282000020188421BD0FFE70F98006840F2884100
:10283000C4F20201884212D0FFE70F98006840F20C
:10284000A041C4F20201884209D0FFE70F98006856
:1028500040F2B841C4F20201884207D1FFE70F9865
:102860000068406900F08000059005E00F9800685E
:10287000006800200590FFE7059870B1FFE70F980A
:10288000C06D00F01F0101208840099988600F99F0
:10289000486D40F002004865FFE7FFE70E980F998A
:1028A000C96D01F01F01C8404007002840F1A98010
:1028B000FFE70F9800681021C4F20201884200F07F
:1028C0008180FFE70F9800682821C4F20201884246
:1028D00078D0FFE70F9800684021C4F202018842D7
:1028E00070D0FFE70F9800685821C4F202018842B7
:1028F00068D0FFE70F9800687021C4F20201884297
:1029000060D0FFE70F9800688821C4F20201884276
:1029100058D0FFE70F980068A021C4F20201884256
:1029200050D0FFE70F980068B821C4F20201884236
:1029300048D0FFE70F98006840F21041C4F202014E
:1029400088423FD0FFE70F98006840F22841C4F268
:102950000201884236D0FFE70F98006840F24041FC
:10296000C4F2020188422DD0FFE70F98006840F2C0
:102970005841C4F20201884224D0FFE70F98006852
:1029800040F27041C4F2020188421BD0FFE70F9869
:10299000006840F28841C4F20201884212D0FFE789
:1029A0000F98006840F2A041C4F20201884209D0A9
:1029B000FFE70F98006840F2B841C4F20201884274
:1029C00007D1FFE70F980068006800F0020004904C
:1029D00005E00F980068006800200490FFE7049865
:1029E00070B1FFE70F98C06D00F01F010420884010
:1029F000099988600F99486D40F004004865FFE729
:102A0000FFE70E980F99C96D01F01F01C840C0067D
:102A1000002840F1DE80FFE70F9800681021C4F223
:102A20000201884200F08180FFE70F9800682821AA
:102A3000C4F20201884278D0FFE70F980068402175
:102A4000C4F20201884270D0FFE70F980068582155
:102A5000C4F20201884268D0FFE70F980068702135
:102A6000C4F20201884260D0FFE70F980068882115
:102A7000C4F20201884258D0FFE70F980068A021F5
:102A8000C4F20201884250D0FFE70F980068B821D5
:102A9000C4F20201884248D0FFE70F98006840F274
:102AA0001041C4F2020188423FD0FFE70F9800684E
:102AB00040F22841C4F20201884236D0FFE70F9865
:102AC000006840F24041C4F2020188422DD0FFE785
:102AD0000F98006840F25841C4F20201884224D0A5
:102AE000FFE70F98006840F27041C4F2020188428B
:102AF0001BD0FFE70F98006840F28841C4F2020142
:102B0000884212D0FFE70F98006840F2A041C4F25B
:102B10000201884209D0FFE70F98006840F2B841EF
:102B2000C4F20201884207D1FFE70F9800680068ED
:102B300000F00800039006E00F980068006800F0BD
:102B400004000390FFE70398002841D0FFE70F98A7
:102B5000C06D00F01F0110208840099988600F980F
:102B600000680068400300281AD5FFE70F98006846
:102B700000680003002809D4FFE70F98006C20B11B
:102B8000FFE70F98016C8847FFE708E00F98806C1B
:102B900020B1FFE70F98816C8847FFE7FFE716E059
:102BA0000F9800680068C005002807D4FFE70F9859
:102BB0000168086820F008000860FFE70F98006CC3
:102BC00020B1FFE70F98016C8847FFE7FFE7FFE7B9
:102BD000FFE70E980F99C96D01F01F01C8408006EC
:102BE000002840F12681FFE70F9800681021C4F209
:102BF0000201884200F08180FFE70F9800682821D9
:102C0000C4F20201884278D0FFE70F9800684021A3
:102C1000C4F20201884270D0FFE70F980068582183
:102C2000C4F20201884268D0FFE70F980068702163
:102C3000C4F20201884260D0FFE70F980068882143
:102C4000C4F20201884258D0FFE70F980068A02123
:102C5000C4F20201884250D0FFE70F980068B82103
:102C6000C4F20201884248D0FFE70F98006840F2A2
:102C70001041C4F2020188423FD0FFE70F9800687C
:102C800040F22841C4F20201884236D0FFE70F9893
:102C9000006840F24041C4F2020188422DD0FFE7B3
:102CA0000F98006840F25841C4F20201884224D0D3
:102CB000FFE70F98006840F27041C4F202018842B9
:102CC0001BD0FFE70F98006840F28841C4F2020170
:102CD000884212D0FFE70F98006840F2A041C4F28A
:102CE0000201884209D0FFE70F98006840F2B8411E
:102CF000C4F20201884207D1FFE70F98006800681C
:102D000000F01000029006E00F980068006800F0E4
:102D100002000290FFE70298002800F08980FFE798
:102D20000F98C06D00F01F0120208840099988602D
:102D30000F9890F83500042837D1FFE70F98016805
:102D4000086820F0160008600F980168486920F0B4
:102D5000800048610F98006C20B9FFE70F98806CE5
:102D600038B1FFE70F980168086820F00800086094
:102D7000FFE70F98C06D00F01F013F2088400999C0
:102D800088600F99012081F83500FFE70F99002036
:102D900081F83400FFE70F98006D20B1FFE70F982E
:102DA000016D8847FFE700F019BC0F9800680068C4
:102DB000400300281AD5FFE70F9800680068000359
:102DC000002809D4FFE70F98406C20B1FFE70F9867
:102DD000416C8847FFE708E00F98C06B20B1FFE720
:102DE0000F98C16B8847FFE7FFE720E00F98006866
:102DF0000068C005002811D4FFE70F980168086833
:102E000020F0100008600F99012081F83500FFE7DD
:102E10000F99002081F83400FFE7FFE70F98C06B9F
:102E200020B1FFE70F98C16B8847FFE7FFE7FFE797
:102E3000FFE70F98406D002800F0D480FFE70F985F
:102E4000406DC007002800F0C480FFE70F99042000
:102E500081F835000F9800681021C4F20201884201
:102E600000F08180FFE70F9800682821C4F202017A
:102E7000884278D0FFE70F9800684021C4F2020131
:102E8000884270D0FFE70F9800685821C4F2020111
:102E9000884268D0FFE70F9800687021C4F20201F1
:102EA000884260D0FFE70F9800688821C4F20201D1
:102EB000884258D0FFE70F980068A021C4F20201B1
:102EC000884250D0FFE70F980068B821C4F2020191
:102ED000884248D0FFE70F98006840F21041C4F2E2
:102EE000020188423FD0FFE70F98006840F2284176
:102EF000C4F20201884236D0FFE70F98006840F222
:102F00004041C4F2020188422DD0FFE70F980068CB
:102F100040F25841C4F20201884224D0FFE70F98E2
:102F2000006840F27041C4F2020188421BD0FFE702
:102F30000F98006840F28841C4F20201884212D022
:102F4000FFE70F98006840F2A041C4F202018842F6
:102F500009D0FFE70F98006840F2B841C4F20201BF
:102F6000884207D1FFE70F980168086820F0010048
:102F7000086006E00F980168086820F0010008600A
:102F8000FFE7FFE70B9801300B900A99884201D9BF
:102F9000FFE707E0FFE70F9800680068C007002818
:102FA000F0D1FFE70F9800680068C00728B1FFE77D
:102FB0000F99032081F8350004E00F99012081F872
:102FC0003500FFE7FFE70F99002081F83400FFE7A5
:102FD000FFE70F98C06C20B1FFE70F98C16C8847DE
:102FE000FFE7FFE7FAE20F980168012045F2084287
:102FF000C5F60202914201904ED0FFE70F9801689A
:10300000012045F21C42C5F602029142019043D0D4
:10301000FFE70F980168012045F23042C5F6020231
:103020009142019038D0FFE70F980168012045F2E6
:103030004442C5F60202914201902DD0FFE70F985D
:103040000168012045F25842C5F602029142019002
:1030500022D0FFE70F980168012045F26C42C5F6C7
:1030600002029142019017D0FFE70F9801680120FA
:1030700045F28042C5F60202914201900CD0FFE772
:103080000F9800684AF66C31CAF2FD710844B0FA34
:1030900080F040090190FFE70198C007002800F088
:1030A0009B82FFE70F98006800680C900D980F99BD
:1030B000C96D01F01F01C8404007002840F1D780CA
:1030C000FFE79DF830004007002840F1D080FFE77F
:1030D0000F98C06D00F01F010420884008994860D7
:1030E0009DF831000006002818D5FFE79DF8320052
:1030F000C00748B9FFE70F98806C20B1FFE70F9831
:10310000816C8847FFE708E00F98006C20B1FFE76B
:103110000F98016C8847FFE7FFE7A7E09DF83000B4
:103120008006002800F19980FFE70F9800681021C1
:10313000C4F20201884200F08180FFE70F98006826
:103140002821C4F20201884278D0FFE70F98006876
:103150004021C4F20201884270D0FFE70F98006856
:103160005821C4F20201884268D0FFE70F98006836
:103170007021C4F20201884260D0FFE70F98006816
:103180008821C4F20201884258D0FFE70F980068F6
:10319000A021C4F20201884250D0FFE70F980068D6
:1031A000B821C4F20201884248D0FFE70F980068B6
:1031B00040F21041C4F2020188423FD0FFE70F986D
:1031C000006840F22841C4F20201884236D0FFE78D
:1031D0000F98006840F24041C4F2020188422DD0AD
:1031E000FFE70F98006840F25841C4F2020188429C
:1031F00024D0FFE70F98006840F27041C4F202014A
:1032000088421BD0FFE70F98006840F28841C4F263
:103210000201884212D0FFE70F98006840F2A041F7
:10322000C4F20201884209D0FFE70F98006840F21B
:10323000B841C4F20201884207D1FFE70F98016844
:10324000086820F00800086006E00F980168086828
:1032500020F004000860FFE7FFE70F98006C20B142
:10326000FFE70F98016C8847FFE7FFE7B3E10D9890
:103270000F99C96D01F01F01C8408007002840F177
:10328000E180FFE79DF830008007002840F1DA80F8
:10329000FFE70F98C06D00F01F01022088400899D9
:1032A00048609DF831000006002818D5FFE79DF81A
:1032B0003200C00748B9FFE70F98406C20B1FFE724
:1032C0000F98416C8847FFE708E00F98C06B20B16A
:1032D000FFE70F98C16B8847FFE7FFE7B1E09DF874
:1032E00030008006002800F1A380FFE70F980068F7
:1032F0001021C4F20201884200F08180FFE70F989C
:1033000000682821C4F20201884278D0FFE70F98B4
:1033100000684021C4F20201884270D0FFE70F9894
:1033200000685821C4F20201884268D0FFE70F9874
:1033300000687021C4F20201884260D0FFE70F9854
:1033400000688821C4F20201884258D0FFE70F9834
:103350000068A021C4F20201884250D0FFE70F9814
:103360000068B821C4F20201884248D0FFE70F98F4
:10337000006840F21041C4F2020188423FD0FFE7EA
:103380000F98006840F22841C4F20201884236D00A
:10339000FFE70F98006840F24041C4F20201884202
:1033A0002DD0FFE70F98006840F25841C4F20201A7
:1033B000884224D0FFE70F98006840F27041C4F2C1
:1033C000020188421BD0FFE70F98006840F2884155
:1033D000C4F20201884212D0FFE70F98006840F261
:1033E000A041C4F20201884209D0FFE70F980068AB
:1033F00040F2B841C4F20201884207D1FFE70F98BA
:103400000168086820F01400086006E00F98016861
:10341000086820F00A000860FFE70F99012081F892
:103420003500FFE70F99002081F83400FFE7FFE740
:103430000F98C06B20B1FFE70F98C16B8847FFE77B
:10344000FFE7C7E00D980F99C96D01F01F01C84053
:103450000007002840F1BC80FFE79DF8300000071E
:10346000002840F1B580FFE70F9800681021C4F2F2
:103470000201884200F08180FFE70F980068282150
:10348000C4F20201884278D0FFE70F98006840211B
:10349000C4F20201884270D0FFE70F9800685821FB
:1034A000C4F20201884268D0FFE70F9800687021DB
:1034B000C4F20201884260D0FFE70F9800688821BB
:1034C000C4F20201884258D0FFE70F980068A0219B
:1034D000C4F20201884250D0FFE70F980068B8217B
:1034E000C4F20201884248D0FFE70F98006840F21A
:1034F0001041C4F2020188423FD0FFE70F980068F4
:1035000040F22841C4F20201884236D0FFE70F980A
:10351000006840F24041C4F2020188422DD0FFE72A
:103520000F98006840F25841C4F20201884224D04A
:10353000FFE70F98006840F27041C4F20201884230
:103540001BD0FFE70F98006840F28841C4F20201E7
:10355000884212D0FFE70F98006840F2A041C4F201
:103560000201884209D0FFE70F98006840F2B84195
:10357000C4F20201884207D1FFE70F98016808688A
:1035800020F01C00086006E00F980168086820F031
:103590000E000860FFE70F98C06D00F01F010120CA
:1035A00000FA01F1089A51600F9948650F9981F866
:1035B0003500FFE70F99002081F83400FFE70F98EE
:1035C000C06C20B1FFE70F98C16C8847FFE700E0AF
:1035D000FFE7FFE7FFE700E0FFE7FFE710B080BD90
:1035E00010B58EB00C9001F003FA0A900C9828B92F
:1035F000FFE701208DF8370000F09EBC0C980168B1
:1036000001201022C4F202029142079000F0A38030
:10361000FFE70C98016801202822C4F202029142BF
:10362000079000F09880FFE70C9801680120402285
:10363000C4F202029142079000F08D80FFE70C98DF
:10364000016801205822C4F202029142079000F062
:103650008280FFE70C98016801207022C4F2020208
:103660009142079077D0FFE70C98016801208822EB
:10367000C4F20202914207906DD0FFE70C980168F6
:103680000120A022C4F202029142079063D0FFE71A
:103690000C9801680120B822C4F2020291420790FE
:1036A00059D0FFE70C980168012040F21042C4F2A3
:1036B0000202914207904ED0FFE70C98016801206A
:1036C00040F22842C4F202029142079043D0FFE741
:1036D0000C980168012040F24042C4F2020291427B
:1036E000079038D0FFE70C980168012040F258425B
:1036F000C4F20202914207902DD0FFE70C980168B6
:10370000012040F27042C4F202029142079022D09E
:10371000FFE70C980168012040F28842C4F20202DF
:103720009142079017D0FFE70C980168012040F202
:10373000A042C4F20202914207900CD0FFE70C981D
:1037400000684FF64831CBF6FD710844B0FA80F0BE
:1037500040090790FFE70798C007002800F078812C
:10376000FFE70C98406A08B1FFE7FFE70C990220D9
:1037700081F83500FFE70C99002081F83400FFE75D
:103780000C9800681021C4F20201884200F0818088
:10379000FFE70C9800682821C4F20201884278D023
:1037A000FFE70C9800684021C4F20201884270D003
:1037B000FFE70C9800685821C4F20201884268D0E3
:1037C000FFE70C9800687021C4F20201884260D0C3
:1037D000FFE70C9800688821C4F20201884258D0A3
:1037E000FFE70C980068A021C4F20201884250D083
:1037F000FFE70C980068B821C4F20201884248D063
:10380000FFE70C98006840F21041C4F202018842C0
:103810003FD0FFE70C98006840F22841C4F2020153
:10382000884236D0FFE70C98006840F24041C4F26D
:10383000020188422DD0FFE70C98006840F2584101
:10384000C4F20201884224D0FFE70C98006840F2DD
:103850007041C4F2020188421BD0FFE70C98006857
:1038600040F28841C4F20201884212D0FFE70C986E
:10387000006840F2A041C4F20201884209D0FFE78B
:103880000C98006840F2B841C4F20201884207D1A6
:10389000FFE70C980168086820F00100086006E066
:1038A0000C980168086820F001000860FFE7FFE756
:1038B0000C9800680068C00798B1FFE701F098F81D
:1038C0000A99401A06280BD3FFE70C992020486577
:1038D0000C99032081F8350001208DF837002BE387
:1038E000E6E70C98006800680B900B9848F23F01DF
:1038F000CFF6106108400B900C998868D1F80CC085
:103900000B694A6940EA0C00184310438A69104366
:10391000CA691043096A01430B9808430B900C983D
:10392000406A042808D1FFE70C99C86A096B014373
:103930000B9808430B90FFE70C984068292807D3A1
:10394000FFE70C98416801202F29069036D3FFE746
:103950000C9840683F2807D3FFE70C984168012086
:10396000432906902AD3FFE70C984068472807D3DD
:10397000FFE70C9841680120492906901ED3FFE714
:103980000C9840684F2807D3FFE70C984168012046
:103990005329069012D3FFE70C9841680020742940
:1039A000059008D3FFE70C9841680020782938BFBC
:1039B00001200590FFE705980690FFE70698C007ED
:1039C00028B1FFE70B9840F480100B90FFE70B98AD
:1039D0000C99096808600C98006840690B900B9876
:1039E00020F007000B900C98416A0B9808430B904D
:1039F0000C98406A04281AD1FFE70C98816A0B984A
:103A000008430B900C98C06A80B1FFE70C98FDF753
:103A1000B3F950B1FFE70C99402048650C9901209B
:103A200081F835008DF8370086E2FFE7FFE70B9855
:103A30000C99096848610C98FCF762FF09900C9892
:103A4000C06D00F01F013F2088400999886026E181
:103A50000C980168012045F20842C5F60202914225
:103A600004904ED0FFE70C980168012045F21C42FB
:103A7000C5F602029142049043D0FFE70C9801681A
:103A8000012045F23042C5F602029142049038D03E
:103A9000FFE70C980168012045F24442C5F6020296
:103AA000914204902DD0FFE70C980168012045F267
:103AB0005842C5F602029142049022D0FFE70C98CA
:103AC0000168012045F26C42C5F602029142049061
:103AD00017D0FFE70C980168012045F28042C5F637
:103AE0000202914204900CD0FFE70C9800684AF65D
:103AF0006C31CAF2FD710844B0FA80F040090490BC
:103B0000FFE70498C007002800F0BD80FFE70C988D
:103B10000168012045F20842C5F602029142039075
:103B20004ED0FFE70C980168012045F21C42C5F613
:103B300002029142039043D0FFE70C9801680120F4
:103B400045F23042C5F602029142039038D0FFE7B9
:103B50000C980168012045F24442C5F602029142E8
:103B600003902DD0FFE70C980168012045F25842E0
:103B7000C5F602029142039022D0FFE70C9801683B
:103B8000012045F26C42C5F602029142039017D023
:103B9000FFE70C980168012045F28042C5F6020259
:103BA000914203900CD0FFE70C9800684AF66C3104
:103BB000CAF2FD710844B0FA80F040090390FFE7B3
:103BC0000398C00708B1FFE7FFE70C99022081F8CE
:103BD0003500FFE70C99002081F83400FFE70C98CE
:103BE000006800680B900B986FF310100B900C9806
:103BF0008068402803D1FFE71020029008E00C986D
:103C000080688038B0FA80F0400980030290FFE7B6
:103C100002980C99CA680B69D1F814C0D1F818E061
:103C2000CC694EEA040E4CEA0E0C43EA0C031A432C
:103C300040EAD200096A40EA11110B9808430B9040
:103C40000B980C99096808600C9908684AF6F832D4
:103C5000CAF2FD7210444CF6CD42CCF6CC42A0FB29
:103C600002026FF0030000EA9200C8650C98FCF7AE
:103C700047FE08900C98C06D00F01F01012088409D
:103C8000089948600AE00C99402048650C99032087
:103C900081F8350001208DF837004DE1FFE70C98E1
:103CA000016801201022C4F202029142019000F04A
:103CB0000381FFE70C98016801202822C4F2020268
:103CC0009142019000F0F880FFE70C980168012014
:103CD0004022C4F202029142019000F0ED80FFE721
:103CE0000C98016801205822C4F20202914201900E
:103CF00000F0E280FFE70C98016801207022C4F216
:103D000002029142019000F0D780FFE70C98016811
:103D100001208822C4F202029142019000F0CC807E
:103D2000FFE70C9801680120A022C4F20202914230
:103D3000019000F0C180FFE70C9801680120B822D3
:103D4000C4F202029142019000F0B680FFE70C98A5
:103D50000168012040F21042C4F202029142019037
:103D600000F0AA80FFE70C980168012040F2284289
:103D7000C4F202029142019000F09E80FFE70C988D
:103D80000168012040F24042C4F2020291420190D7
:103D900000F09280FFE70C980168012040F2584241
:103DA000C4F202029142019000F08680FFE70C9875
:103DB0000168012040F27042C4F202029142019077
:103DC0007AD0FFE70C980168012040F28842C4F2E3
:103DD0000202914201906FD0FFE70C980168012028
:103DE00040F2A042C4F202029142019064D0FFE787
:103DF0000C980168012040F2B842C4F202029142DC
:103E0000019059D0FFE70C980168012045F2084263
:103E1000C5F60202914201904ED0FFE70C9801686E
:103E2000012045F21C42C5F602029142019043D0A6
:103E3000FFE70C980168012045F23042C5F6020206
:103E40009142019038D0FFE70C980168012045F2BB
:103E50004442C5F60202914201902DD0FFE70C9832
:103E60000168012045F25842C5F6020291420190D4
:103E700022D0FFE70C980168012045F26C42C5F69C
:103E800002029142019017D0FFE70C9801680120CF
:103E900045F28042C5F60202914201900CD0FFE744
:103EA0000C9800684AF66C31CAF2FD710844B0FA09
:103EB00080F040090190FFE70198C00790B3FFE749
:103EC0000C98FCF705FE0C988068802804D1FFE769
:103ED0000C9900204860FFE70C990879096E08608A
:103EE0000C98416E806E48600C98406888B1FFE77E
:103EF0000C98406808280CD8FFE70C98FCF7A4FE43
:103F00000C98C16E002008600C98016F406F4860EB
:103F100007E00C990020C8660C9908670C9948675F
:103F2000FFE7FFE70C99002048650C9A012182F811
:103F300035108DF83700FFE79DF837000EB010BD43
:103F400080B588B0069005910492039300208DF807
:103F50000B00069820B9FFE701208DF81F006CE3E5
:103F6000FFE7069890F83400012804D1FFE702200B
:103F70008DF81F0061E30699012081F83400FFE706
:103F8000FFE7069890F83500012840F04383FFE7EB
:103F90000699022081F835000699002048650698A8
:103FA00000681021C4F20201884200F08180FFE71E
:103FB000069800682821C4F20201884278D0FFE701
:103FC000069800684021C4F20201884270D0FFE7E1
:103FD000069800685821C4F20201884268D0FFE7C1
:103FE000069800687021C4F20201884260D0FFE7A1
:103FF000069800688821C4F20201884258D0FFE781
:1040000006980068A021C4F20201884250D0FFE760
:1040100006980068B821C4F20201884248D0FFE740
:104020000698006840F21041C4F2020188423FD075
:10403000FFE70698006840F22841C4F20201884276
:1040400036D0FFE70698006840F24041C4F2020112
:1040500088422DD0FFE70698006840F25841C4F22C
:104060000201884224D0FFE70698006840F27041C0
:10407000C4F2020188421BD0FFE70698006840F2B4
:104080008841C4F20201884212D0FFE70698006816
:1040900040F2A041C4F20201884209D0FFE706982D
:1040A000006840F2B841C4F20201884207D1FFE73C
:1040B00006980168086820F00100086006E006988C
:1040C0000168086820F001000860FFE7069805997C
:1040D000049A039BFCF7C8FE069801680120102291
:1040E000C4F202029142019000F0A380FFE706981B
:1040F000016801202822C4F202029142019000F0DE
:104100009880FFE70698016801204022C4F202026D
:104110009142019000F08D80FFE706980168012030
:104120005822C4F202029142019000F08280FFE71F
:104130000698016801207022C4F2020291420190A7
:1041400077D0FFE70698016801208822C4F20202B6
:10415000914201906DD0FFE7069801680120A022EE
:10416000C4F202029142019063D0FFE70698016811
:104170000120B822C4F202029142019059D0FFE717
:1041800006980168012040F21042C4F202029142F6
:1041900001904ED0FFE706980168012040F22842C6
:1041A000C4F202029142019043D0FFE706980168F1
:1041B000012040F24042C4F202029142019038D004
:1041C000FFE706980168012040F25842C4F202025B
:1041D000914201902DD0FFE706980168012040F23E
:1041E0007042C4F202029142019022D0FFE7069889
:1041F0000168012040F28842C4F20202914201901B
:1042000017D0FFE706980168012040F2A042C4F2EF
:104210000202914201900CD0FFE7069800684FF629
:104220004831CBF6FD710844B0FA80F040090190A6
:10423000FFE70198C007A8B1FFE70698006800688B
:104240000B2161F344000699096808600698006C28
:1042500038B1FFE706980168086840F00800086078
:10426000FFE714E0069800680068052161F3430049
:104270000699096808600698006C38B1FFE706984F
:104280000168086840F004000860FFE7FFE706984F
:10429000016801201022C4F202029142009000F055
:1042A0000381FFE70698016801202822C4F2020278
:1042B0009142009000F0F880FFE706980168012025
:1042C0004022C4F202029142009000F0ED80FFE72C
:1042D0000698016801205822C4F20202914200901F
:1042E00000F0E280FFE70698016801207022C4F226
:1042F00002029142009000F0D780FFE70698016823
:1043000001208822C4F202029142009000F0CC8089
:10431000FFE7069801680120A022C4F20202914240
:10432000009000F0C180FFE7069801680120B822E4
:10433000C4F202029142009000F0B680FFE70698B6
:104340000168012040F21042C4F202029142009042
:1043500000F0AA80FFE706980168012040F2284299
:10436000C4F202029142009000F09E80FFE706989E
:104370000168012040F24042C4F2020291420090E2
:1043800000F09280FFE706980168012040F2584251
:10439000C4F202029142009000F08680FFE7069886
:1043A0000168012040F27042C4F202029142009082
:1043B0007AD0FFE706980168012040F28842C4F2F3
:1043C0000202914200906FD0FFE706980168012039
:1043D00040F2A042C4F202029142009064D0FFE792
:1043E00006980168012040F2B842C4F202029142EC
:1043F000009059D0FFE706980168012045F2084275
:10440000C5F60202914200904ED0FFE7069801687F
:10441000012045F21C42C5F602029142009043D0B1
:10442000FFE706980168012045F23042C5F6020216
:104430009142009038D0FFE706980168012045F2CC
:104440004442C5F60202914200902DD0FFE7069843
:104450000168012045F25842C5F6020291420090DF
:1044600022D0FFE706980168012045F26C42C5F6AC
:1044700002029142009017D0FFE7069801680120E0
:1044800045F28042C5F60202914200900CD0FFE74F
:10449000069800684AF66C31CAF2FD710844B0FA19
:1044A00080F040090090FFE70098C007D0B1FFE717
:1044B0000698006E0068C003002807D5FFE706983D
:1044C000016E086840F480700860FFE70698C06ECF
:1044D00038B1FFE70698C16E086840F48070086044
:1044E000FFE7FFE7069800681021C4F20201884246
:1044F00000F08180FFE7069800682821C4F20201DD
:10450000884278D0FFE7069800684021C4F2020193
:10451000884270D0FFE7069800685821C4F2020173
:10452000884268D0FFE7069800687021C4F2020153
:10453000884260D0FFE7069800688821C4F2020133
:10454000884258D0FFE706980068A021C4F2020113
:10455000884250D0FFE706980068B821C4F20201F3
:10456000884248D0FFE70698006840F21041C4F244
:10457000020188423FD0FFE70698006840F22841D8
:10458000C4F20201884236D0FFE70698006840F284
:104590004041C4F2020188422DD0FFE7069800682E
:1045A00040F25841C4F20201884224D0FFE7069845
:1045B000006840F27041C4F2020188421BD0FFE75C
:1045C0000698006840F28841C4F20201884212D085
:1045D000FFE70698006840F2A041C4F20201884259
:1045E00009D0FFE70698006840F2B841C4F2020122
:1045F000884207D1FFE706980168086840F001008B
:10460000086006E006980168086840F0010008604C
:10461000FFE70DE006994FF400604865FFE7069953
:10462000002081F83400FFE701208DF80B00FFE740
:104630009DF80B008DF81F00FFE79DF81F0008B0E4
:1046400080BD0000000000008FB00E900D91002092
:104650000C908020C5F600000990FFE70D980068D7
:104660000C99C840002800F0C181FFE70D98006850
:104670000C9A0121914008400B900B98002800F003
:10468000B181FFE70D98406800F00300012807D0D2
:10469000FFE70D98406800F0030002282FD1FFE7E4
:1046A0000E9880680A900C984100032000FA01F1EE
:1046B0000A9888430A900D98C0680C99490000FA3E
:1046C00001F10A9808430A900A980E9988600E989A
:1046D00040680A900C99012000FA01F10A98884379
:1046E0000A900D984068C0F300100C9900FA01F18F
:1046F0000A9808430A900A980E994860FFE70D98B7
:10470000406800F00300032818D0FFE70E98C06847
:104710000A900C984100032000FA01F10A9888439E
:104720000A900D9880680C99490000FA01F10A98E6
:1047300008430A900A980E99C860FFE70D984068F0
:1047400000F00300022826D1FFE70E980C996FF0C5
:10475000030202EA51010844006A0A900C9800F032
:10476000070081000F2000FA01F10A9888430A909F
:104770000D9800690C9901F00701890000FA01F118
:104780000A9808430A900A980E990C9B02EA530271
:1047900011440862FFE70E9800680A900C984100E7
:1047A000032000FA01F10A9888430A900D984068A6
:1047B00000F003000C99490000FA01F10A9808433F
:1047C0000A900A980E9908600D9880798007002851
:1047D00000F00781FFE7FFE744F2F440C5F602006E
:1047E000016841F002010160006800F002000890D9
:1047F0000898FFE70C9820F0030040F20841C5F646
:10480000000140580A900C9800F0030081000F202E
:1048100000FA01F10A9888430A900E980021C5F623
:104820000201884203D1FFE7002007906CE00E9858
:1048300040F20041C5F60201884203D1FFE70120A2
:1048400006905EE00E9840F60001C5F6020188422F
:1048500003D1FFE70220059050E00E9840F600419A
:10486000C5F60201884203D1FFE70320049042E02D
:104870000E9841F20001C5F60201884203D1FFE71C
:104880000420039034E00E9841F20041C5F6020185
:10489000884203D1FFE70520029026E00E9841F6FA
:1048A0000001C5F60201884203D1FFE7062001900E
:1048B00018E00E9841F60041C5F60201884203D186
:1048C000FFE7072000900AE00E9942F20042C5F689
:1048D00002020A20914208BF09200090FFE70098D9
:1048E0000190FFE701980290FFE702980390FFE72D
:1048F00003980490FFE704980590FFE70598069059
:10490000FFE706980790FFE707980C9901F003016D
:10491000890000FA01F10A9808430A900A980C9954
:1049200021F0030140F20842C5F6000288504FF022
:10493000B04000680A900B990A9888430A900D9835
:104940008079C006002805D5FFE70B990A9808432F
:104950000A90FFE70A984FF0B04108600420C5F6BE
:10496000000000680A900B990A9888430A900D98F5
:1049700080798006002805D5FFE70B990A9808433F
:104980000A90FFE70A980421C5F60001086009981B
:1049900040680A900B990A9888430A900D9880798C
:1049A0008007002805D5FFE70B990A9808430A906D
:1049B000FFE70A9809994860099800680A900B99DE
:1049C0000A9888430A900D988079C00728B1FFE7BC
:1049D0000B990A9808430A90FFE70A98099908601A
:1049E000FFE7FFE70C9801300C9037E60FB07047F7
:1049F00041F60840C2F20040006870470000000025
:104A000040F20800C2F20040027841F60841C2F2CA
:104A10000041086810440860704700000000000072
:104A200080B582B0032000F02FF901F0CDFE44F2F2
:104A30001842C5F602021168C1F303234FF2841134
:104A4000C0F60001CB5C03F01F03D8400090009833
:104A5000126802F00F02895C01F01F01C84040F2A9
:104A60000401C2F200410860009840F20001C2F265
:104A7000004108600F2000F013F820B1FFE701208B
:104A80008DF8070005E000F0BBF800208DF8070066
:104A9000FFE79DF8070002B080BD000000000000A5
:104AA00080B582B0009040F20800C2F20040007869
:104AB00020B9FFE701208DF8070030E040F2000048
:104AC000C2F20040006840F20801C2F200410A78D8
:104AD0004FF47A71B1FBF2F1B0FBF1F002F004FD9A
:104AE00020B1FFE701208DF8070018E000980F289B
:104AF0000DD8FFE700994FF0FF30002200F0ACF82E
:104B0000009840F20C01C2F20041086003E001206D
:104B10008DF8070003E000208DF80700FFE79DF8FF
:104B2000070002B080BD000010B581B00090009871
:104B300040784EF69851CEF2000108604EF6A05132
:104B4000CEF20001086820F001000860009840687B
:104B50004EF69C52CEF200021060DDF800E09EF8A6
:104B60000C0000079EF80B2040EA02609EF800202F
:104B70009EF808309EF809C09EF80A4040EAC440FA
:104B80009EF80D4040EA84409EF80E4040EA4440C2
:104B90009EF80FE040EA0E4040EA0C2040EA430055
:104BA0001043086001B010BDBFF35F8F4EF6245173
:104BB000CEF20001086820F4803008604EF694516F
:104BC000CEF20001002008607047000000000000E5
:104BD00081B00090009840F001004EF69451CEF262
:104BE000000108604EF62451CEF20001086840F43E
:104BF00080300860BFF34F8FBFF36F8F01B07047F5
:104C000081B0FFE744F2F440C5F60200016841F0CC
:104C100002010160006800F0020000900098FFE7C8
:104C200001B070470000000080B582B0ADF806000A
:104C3000BDF906000AF0F4F802B080BD00000000E3
:104C400080B582B0ADF80600BDF906000AF004F99F
:104C500002B080BD0000000080B586B0ADF816003F
:104C6000049103920AF010F90290BDF91600019028
:104C700002980499039A05F0ABFE014601980AF0E8
:104C80000BF906B080BD000080B582B0019001989C
:104C90000AF026F902B080BD80B584B0029044F6D7
:104CA0000C00C5F60200006800F004010020B0EB23
:104CB000910F13D1FFE744F60C00C5F6020000681F
:104CC00000F007000299884204D0FFE701208DF828
:104CD0000F002EE000208DF80F002AE044F60C01B2
:104CE000C5F60201086820F00700029A1043086028
:104CF000FFF77EFE0190FFE744F60400C5F60200D0
:104D0000006800F400510020B0EB513F0DD1FFE7E7
:104D1000FFF76EFE0199401AB0F57A7F04D9FFE7DC
:104D200001208DF80F0004E0E6E700208DF80F0069
:104D3000FFE79DF80F0004B080BD000000000000F8
:104D400080B501F0EDFC44F22041C5F6020109688E
:104D5000C1F302124FF28411C0F60001895C01F028
:104D60001F01C84080BD000088B0079044F2284071
:104D7000C5F60200016801F0030106910068C0F366
:104D80000530059044F22C40C5F602000068C0F3DF
:104D900000100490049844F23C41C5F602010968F1
:104DA00089B2C908484300EE100AB8EE400A8DEDFA
:104DB000020A0598002800F01181FFE7069800908C
:104DC00048B1FFE70098012865D0FFE70098022866
:104DD00000F08380A3E044F20040C5F602000068C2
:104DE00000F020010020B0EB511F31D0FFE744F26A
:104DF0000040C5F602000068C0F3C10149F200009E
:104E0000C0F2D030C84003909DED030AB8EE400ACE
:104E10009DED051AB8EE411A80EE010A44F23840C1
:104E2000C5F6020000686FF35F2001EE100AB8EECD
:104E3000411A9DED022A9FED6F3A02EE031AB7EE7A
:104E4000002A31EE021A20EE010A8DED010A21E05E
:104E50009DED050AB8EE401A9FED680A80EE010A42
:104E600044F23840C5F6020000686FF35F2001EE9F
:104E7000100AB8EE411A9DED022A9FED5E3A02EE4D
:104E8000031AB7EE002A31EE021A20EE010A8DED68
:104E9000010AFFE765E09DED050AB8EE401A9FEDB7
:104EA000560A80EE010A44F23840C5F60200006856
:104EB0006FF35F2001EE100AB8EE411A9DED022A51
:104EC0009FED4C3A02EE031AB7EE002A31EE021AB9
:104ED00020EE010A8DED010A43E09DED050AB8EED2
:104EE000401A9FED430A80EE010A44F23840C5F6AD
:104EF000020000686FF35F2001EE100AB8EE411A5D
:104F00009DED022A9FED3B3A02EE031AB7EE002A0E
:104F100031EE021A20EE010A8DED010A21E09DED2D
:104F2000050AB8EE401A9FED340A80EE010A44F2F9
:104F30003840C5F6020000686FF35F2001EE100AEA
:104F4000B8EE411A9DED022A9FED2A3A02EE031AAD
:104F5000B7EE002A31EE021A20EE010A8DED010AA9
:104F6000FFE79DED010A44F23840C5F602000168F2
:104F700089B2490A01EE101AB8EE411AB7EE002ABA
:104F800031EE021A80EE010A0799BCEEC00A81EDEB
:104F9000000A9DED010A0168C1F3064101EE101AF5
:104FA000B8EE411A31EE021A80EE010A0799BCEE02
:104FB000C00A81ED010A9DED010A0068C0F3066098
:104FC00001EE100AB8EE411A31EE021A80EE010A23
:104FD0000798BCEEC00A80ED020A07E0079900209E
:104FE00008600799486007998860FFE708B0704734
:104FF00020BCBE4B000000390024744A0024744CCD
:1050000088B0079044F22840C5F60200016801F01C
:10501000030106910068C0F30550059044F22C404E
:10502000C5F602000068C0F300200490049844F222
:105030004441C5F60201096889B2C908484300EE37
:10504000100AB8EE400A8DED020A0598002800F01B
:105050001181FFE70698009048B1FFE7009801280A
:1050600065D0FFE70098022800F08380A3E044F2B7
:105070000040C5F60200006800F020010020B0EBFF
:10508000511F31D0FFE744F20040C5F6020000682E
:10509000C0F3C10149F20000C0F2D030C840039013
:1050A0009DED030AB8EE400A9DED051AB8EE411ACF
:1050B00080EE010A44F24040C5F6020000686FF33A
:1050C0005F2001EE100AB8EE411A9DED022A9FED15
:1050D0006F3A02EE031AB7EE002A31EE021A20EE02
:1050E000010A8DED010A21E09DED050AB8EE401A96
:1050F0009FED680A80EE010A44F24040C5F60200C6
:1051000000686FF35F2001EE100AB8EE411A9DEDC2
:10511000022A9FED5E3A02EE031AB7EE002A31EE44
:10512000021A20EE010A8DED010AFFE765E09DED10
:10513000050AB8EE401A9FED560A80EE010A44F2C5
:105140004040C5F6020000686FF35F2001EE100AD0
:10515000B8EE411A9DED022A9FED4C3A02EE031A79
:10516000B7EE002A31EE021A20EE010A8DED010A97
:1051700043E09DED050AB8EE401A9FED430A80EE2C
:10518000010A44F24040C5F6020000686FF35F2058
:1051900001EE100AB8EE411A9DED022A9FED3B3A4E
:1051A00002EE031AB7EE002A31EE021A20EE010ACF
:1051B0008DED010A21E09DED050AB8EE401A9FED44
:1051C000340A80EE010A44F24040C5F6020000684D
:1051D0006FF35F2001EE100AB8EE411A9DED022A2E
:1051E0009FED2A3A02EE031AB7EE002A31EE021AB8
:1051F00020EE010A8DED010AFFE79DED010A44F260
:105200004040C5F60200016889B2490A01EE101A51
:10521000B8EE411AB7EE002A31EE021A80EE010A0A
:105220000799BCEEC00A81ED000A9DED010A0168F4
:10523000C1F3064101EE101AB8EE411A31EE021A1E
:1052400080EE010A0799BCEEC00A81ED010A9DEDCE
:10525000010A0068C0F3066001EE100AB8EE411AB8
:1052600031EE021A80EE010A0798BCEEC00A80ED0A
:10527000020A07E00799002008600799486007992B
:105280008860FFE708B0704720BCBE4B00000039C3
:105290000024744A0024744C80B59AB01890002001
:1052A0008DF857008DF856001898C0780007002830
:1052B00048D5FFE71898406E149078B1FFE714982E
:1052C000B0F5801F13D0FFE71498B0F5001F16D07B
:1052D000FFE71498B0F5401F19D019E044F22C41B3
:1052E000C5F60201086840F40030086014E0189820
:1052F0000830022105F0A8FB8DF857000CE0189843
:105300002830022105F088FC8DF8570004E003E006
:1053100001208DF85700FFE79DF8570060B9FFE7BF
:1053200044F25041C5F60201086820F44010189A72
:10533000526E1043086004E09DF857008DF8560047
:10534000FFE7FFE718984078C007002840D0FFE744
:105350001898806D1390042820D81399DFE801F085
:10536000030C141C1D0044F22C41C5F60201086810
:1053700040F40030086015E018980830002105F06E
:1053800063FB8DF857000DE018982830002105F0D8
:1053900043FC8DF8570005E004E003E001208DF8A0
:1053A0005700FFE79DF8570060B9FFE744F250410E
:1053B000C5F60201086820F00700189A926D1043A4
:1053C000086004E09DF857008DF85600FFE7FFE7FE
:1053D000189840784007002856D5FFE71898D0F86D
:1053E000A4001290C8B1FFE71298B0F5001F1DD0BD
:1053F000FFE71298B0F5800F20D0FFE71298B0F5C4
:10540000C00F23D0FFE71298B0F5000F1FD0FFE7C1
:105410001298B0F5200F1BD01BE044F22C41C5F6CA
:105420000201086840F40030086016E0189808305F
:10543000002105F009FB8DF857000EE01898283080
:10544000002105F0E9FB8DF8570006E005E004E0D7
:1054500003E001208DF85700FFE79DF8570068B979
:10546000FFE744F25841C5F60201086820F46000E5
:10547000189AD2F8A4201043086004E09DF8570061
:105480008DF85600FFE7FFE71898407800070028DE
:1054900056D5FFE71898D0F8A8001190C8B1FFE7DB
:1054A0001198B0F1807F1DD0FFE71198B0F1007F17
:1054B00020D0FFE71198B0F1407F23D0FFE711988B
:1054C000B0F1806F1FD0FFE71198B0F1A06F1BD033
:1054D0001BE044F22C41C5F60201086840F400309C
:1054E000086016E018980830002105F0ADFA8DF834
:1054F00057000EE018982830002105F08DFB8DF83C
:10550000570006E005E004E003E001208DF85700B5
:10551000FFE79DF8570068B9FFE744F25841C5F628
:105520000201086820F0E060189AD2F8A820104321
:10553000086004E09DF857008DF85600FFE7FFE78C
:105540001898C078800700283ED5FFE71898C06CEF
:105550001090F0B1FFE71098102808D0FFE71098DE
:1055600020280DD0FFE71098302811D012E044F227
:105570002C41C5F60201086840F4003008600DE0D7
:1055800018980830022105F05FFA8DF8570005E001
:1055900004E003E001208DF85700FFE79DF8570075
:1055A00060B9FFE744F24C41C5F60201086820F0FB
:1055B0003000189AD26C1043086004E09DF8570040
:1055C0008DF85600FFE7FFE718984078C0060028DE
:1055D0004ED5FFE71898C06D0F90A0B1FFE70F9868
:1055E000B0F5805F18D0FFE70F98B0F5005F1BD0D3
:1055F000FFE70F98B0F5405F1ED0FFE70F98B0F5BA
:10560000804F1AD01AE044F22C41C5F60201086816
:1056100040F40030086015E018980830002105F0CB
:1056200013FA8DF857000DE018982830002105F086
:10563000F3FA8DF8570005E004E003E001208DF84F
:105640005700FFE79DF8570060B9FFE744F250416B
:10565000C5F60201086820F4E040189AD26D1043A4
:10566000086004E09DF857008DF85600FFE7FFE75B
:1056700018984078800600284CD5FFE71898006EEF
:105680000E90C8B1FFE70E98B0F5803F15D0FFE748
:105690000E98B0F5003F18D0FFE70E98B0F5403FE8
:1056A0001BD0FFE70E98B0F5802F17D0FFE70E98BC
:1056B000B0F5A02F13D013E016E0189808300121A0
:1056C00005F0C2F98DF857000EE018982830012136
:1056D00005F0A2FA8DF8570006E005E004E003E0CB
:1056E00001208DF85700FFE79DF8570060B9FFE7EC
:1056F00044F25041C5F60201086820F4E020189AEF
:10570000126E1043086004E09DF857008DF85600B3
:10571000FFE7FFE718984078400600284ED5FFE7DE
:105720001898D0F8AC000D90C8B1FFE70D98B0F113
:10573000805F15D0FFE70D98B0F1005F18D0FFE74C
:105740000D98B0F1405F1BD0FFE70D98B0F1804F8E
:1057500017D0FFE70D98B0F1A04F13D013E016E07B
:1057600018980830012105F06FF98DF857000EE008
:1057700018982830012105F04FFA8DF8570006E0FF
:1057800005E004E003E001208DF85700FFE79DF8F5
:10579000570068B9FFE744F25841C5F602010868AE
:1057A00020F0E040189AD2F8AC201043086004E0E2
:1057B0009DF857008DF85600FFE7FFE718984078EE
:1057C000000600283BD5FFE71898C06E0C90D8B1B2
:1057D000FFE70C98B0F1805F05D0FFE70C98B0F1BF
:1057E000005F09D011E044F22C41C5F602010868BF
:1057F00040F4003008600CE018980830012105F0F2
:1058000023F98DF8570004E003E001208DF85700DC
:10581000FFE79DF8570060B9FFE744F25041C5F635
:105820000201086820F04050189AD26E10430860B8
:1058300004E09DF857008DF85600FFE7FFE7189841
:10584000C078C007002837D0FFE71898806C0B900D
:10585000032817D80B99DFE801F014020B1344F268
:105860002C41C5F60201086840F4003008600DE0E4
:1058700018980830022105F0E7F88DF8570005E088
:1058800004E003E001208DF85700FFE79DF8570082
:1058900060B9FFE744F24C41C5F60201086820F008
:1058A0000300189A926C1043086004E09DF85700BA
:1058B0008DF85600FFE7FFE718988078400600282B
:1058C00040F1B480FFE744F60001C5F60201086824
:1058D00040F480700860FFF78BF81690FFE744F6FD
:1058E0000000C5F602000068C00500280CD4FFE7E0
:1058F000FFF77EF81699401A652804D3FFE70320C6
:105900008DF8570000E0EAE79DF85700002840F0C6
:105910008780FFE744F27040C5F60200006800F49B
:1059200040701899D1F8B01001F44071884213D03A
:10593000FFE744F27041C5F60201086820F44070A8
:105940001790086840F480300860086820F48030C0
:10595000086017980860FFE71898D0F8B000B0F515
:10596000807F1FD1FFE7FFF743F81690FFE744F26F
:105970007040C5F60200006800F002010020B0EBA4
:10598000510F0ED1FFE7FFF733F81699401A41F295
:105990008931884204D3FFE703208DF8570000E0E7
:1059A000E5E7FFE79DF85700A0BBFFE7FFE7189882
:1059B000D0F8B00000F44070B0F5407F13D1FFE79D
:1059C00044F21041C5F60201086820F47C50189A90
:1059D000D2F8B0204FF6F043C0F6FF731A4040EA09
:1059E0001210086008E044F21041C5F60201086890
:1059F00020F47C500860FFE71898D0F8B0206FF3CF
:105A00001F3244F27041C5F6020108681043086075
:105A1000FFE704E09DF857008DF85600FFE704E02B
:105A20009DF857008DF85600FFE7FFE718980068CB
:105A3000C007002800F04C80FFE71898806F0A909C
:105A400028282BD80A99DFE801F0152929292929C6
:105A5000292916292929292929291E2929292929D4
:105A600029292629292929292929272929292929AB
:105A70002929280016E018980830012104F0E4FFD5
:105A80008DF857000EE018982830012105F0C4F871
:105A90008DF8570006E005E004E003E001208DF8F2
:105AA0005700FFE79DF8570060B9FFE744F2544103
:105AB000C5F60201086820F03800189A926F10436A
:105AC000086004E09DF857008DF85600FFE7FFE7F7
:105AD000189800788007002839D5FFE71898406F9C
:105AE0000990052819D80999DFE801F003040C147E
:105AF000151616E018980830012104F0A5FF8DF85E
:105B000057000EE018982830012105F085F88DF82F
:105B1000570006E005E004E003E001208DF857009F
:105B2000FFE79DF8570060B9FFE744F25441C5F61E
:105B30000201086820F00700189A526F10430860AD
:105B400004E09DF857008DF85600FFE7FFE718982E
:105B50000078400700283BD5FFE71898D0F8900060
:105B60000890052819D80899DFE801F003040C14FF
:105B7000151616E018980830012104F065FF8DF81D
:105B800057000EE018982830012105F045F88DF8EF
:105B9000570006E005E004E003E001208DF857001F
:105BA000FFE79DF8570068B9FFE744F25841C5F692
:105BB0000201086820F00700189AD2F890201043DC
:105BC000086004E09DF857008DF85600FFE7FFE7F6
:105BD00018980078800600284ED5FFE71898D0F86E
:105BE0008C000790C8B1FFE70798B0F1805F15D02F
:105BF000FFE70798B0F1005F18D0FFE70798B0F112
:105C0000405F1BD0FFE70798B0F1804F17D0FFE748
:105C10000798B0F1A04F13D013E016E018980830A1
:105C2000002104F011FF8DF857000EE0189828307D
:105C3000022104F0F1FF8DF8570006E005E004E0D2
:105C400003E001208DF85700FFE79DF8570068B981
:105C5000FFE744F25441C5F60201086820F0E04035
:105C6000189AD2F88C201043086004E09DF8570081
:105C70008DF85600FFE7FFE71898007840060028E7
:105C80004ED5FFE71898D0F898000690C8B1FFE706
:105C90000698B0F5806F15D0FFE70698B0F5006F55
:105CA00018D0FFE70698B0F5406F1BD0FFE70698C5
:105CB000B0F5805F17D0FFE70698B0F5A05F13D06E
:105CC00013E016E018980830002104F0BDFE8DF8AE
:105CD00057000EE018982830022104F09DFF8DF83F
:105CE000570006E005E004E003E001208DF85700CE
:105CF000FFE79DF8570068B9FFE744F25841C5F641
:105D00000201086820F4E050189AD2F89820104355
:105D1000086004E09DF857008DF85600FFE7FFE7A4
:105D200018980078000600284ED5FFE71898D0F89C
:105D30009C000590C8B1FFE70598B0F5005F15D04D
:105D4000FFE70598B0F5804F18D0FFE70598B0F54C
:105D5000C04F1BD0FFE70598B0F5004F17D0FFE705
:105D60000598B0F5204F13D013E016E018980830CE
:105D7000002104F069FE8DF857000EE018982830D5
:105D8000022104F049FF8DF8570006E005E004E029
:105D900003E001208DF85700FFE79DF8570068B930
:105DA000FFE744F25841C5F60201086820F460405C
:105DB000189AD2F89C201043086004E09DF8570020
:105DC0008DF85600FFE7FFE71898007800070028D5
:105DD00020D5FFE71898D0F88000B0F5805F0CD18F
:105DE000FFE718982830022104F016FF20B1FFE7E2
:105DF00001208DF85600FFE7FFE744F25441C5F655
:105E00000201086820F44050189AD2F8802010430C
:105E10000860FFE718980078C006002820D5FFE743
:105E20001898D0F89400B0F5807F0CD1FFE718984F
:105E30002830022104F0F0FE20B1FFE701208DF8A8
:105E40005600FFE7FFE744F25841C5F60201086833
:105E500020F44070189AD2F8942010430860FFE7AD
:105E600018988078000700283CD5FFE71898D0F8EC
:105E7000A000049050B1FFE70498B0F5803F0DD02A
:105E8000FFE70498B0F5003F10D010E018980830F4
:105E9000002104F0D9FD8DF857000CE01898283047
:105EA000022104F0B9FE8DF8570004E003E0012060
:105EB0008DF85700FFE79DF8570068B9FFE744F2F7
:105EC0005841C5F60201086820F44030189AD2F80B
:105ED000A0201043086004E09DF857008DF856009C
:105EE000FFE7FFE718988078400700283FD5FFE7D5
:105EF0001898D0F884000390B0F5801F0AD0FFE70F
:105F00000398B0F5001F0ED0FFE70398B0F5401FCF
:105F100011D011E044F22C41C5F60201086840F4AA
:105F2000003008600CE018982830012104F074FE5D
:105F30008DF8570004E003E001208DF85700FFE7DB
:105F40009DF8570068B9FFE744F25441C5F60201D5
:105F5000086820F44010189AD2F884201043086092
:105F600004E09DF857008DF85600FFE7FFE718980A
:105F70008078C007A8B3FFE71898006D029028B199
:105F8000FFE70298B0F5803F09D010E044F22C41C1
:105F9000C5F60201086840F4003008600BE018986C
:105FA0000830022104F050FD8DF8570003E0012075
:105FB0008DF85700FFE79DF8570060B9FFE744F2FE
:105FC0004C41C5F60201086820F48030189A126D21
:105FD0001043086004E09DF857008DF85600FFE775
:105FE000FFE71898C078800600280CD5FFE71898BE
:105FF0002830022104F010FE20B1FFE701208DF8C7
:106000005600FFE7FFE718988078800700283AD508
:10601000FFE71898C06F0190D0B1FFE70198B0F585
:10602000807F0AD0FFE70198B0F5007F0ED0FFE730
:106030000198B0F5407F0AD00BE044F22C41C5F640
:106040000201086840F40030086006E005E004E062
:1060500003E001208DF85700FFE79DF8570060B975
:10606000FFE744F25441C5F60201086820F440708D
:10607000189AD26F1043086004E09DF857008DF81D
:106080005600FFE7FFE718988078C00600280CD577
:10609000FFE744F25041C5F60201086820F00040D5
:1060A000189A126F10430860FFE7189880788006EE
:1060B00000280CD5FFE744F25041C5F602010868FC
:1060C00020F08070189A926E10430860FFE71898CD
:1060D000C0784006002811D5FFE7FFE744F21041E1
:1060E000C5F60201086820F4004008601898D0F84E
:1060F000B420086810430860FFE7FFE71898C078ED
:10610000000600280CD5FFE744F24C41C5F6020119
:10611000086820F04050189A526D10430860FFE75D
:1061200018988078000600280DD5FFE744F2544106
:10613000C5F60201086820F44000189AD2F88820B9
:1061400010430860FFE718980079C00790B1FFE797
:1061500018980830002104F077FC8DF857009DF85E
:10616000570008B9FFE704E09DF857008DF8560086
:10617000FFE7FFE7189800798007002812D5FFE7AE
:1061800018980830012104F05FFC8DF857009DF845
:10619000570008B9FFE704E09DF857008DF8560056
:1061A000FFE7FFE7189800794007002812D5FFE7BE
:1061B00018980830022104F047FC8DF857009DF82C
:1061C000570008B9FFE704E09DF857008DF8560026
:1061D000FFE7FFE7189800790007002812D5FFE7CE
:1061E00018982830002104F017FD8DF857009DF80D
:1061F000570008B9FFE704E09DF857008DF85600F6
:10620000FFE7FFE718980079C006002812D5FFE7DE
:1062100018982830012104F0FFFC8DF857009DF8F4
:10622000570008B9FFE704E09DF857008DF85600C5
:10623000FFE7FFE7189800798006002812D5FFE7EE
:1062400018982830022104F0E7FC8DF857009DF8DB
:10625000570008B9FFE704E09DF857008DF8560095
:10626000FFE7FFE79DF8560020B9FFE700208DF813
:10627000670003E001208DF86700FFE79DF86700E5
:106280001AB080BD0000000080B586B00490039174
:10629000049820B9FFE701208DF817003CE203982D
:1062A00042F20001C5F20021096801F00F018842A5
:1062B00016D9FFE742F20000C5F20020016821F084
:1062C0000F01039A11430160006800F00F00039969
:1062D000884204D0FFE701208DF817001CE2FFE799
:1062E000049800784007002819D5FFE70498006952
:1062F00044F21841C5F60201096801F070018842B4
:106300000CD9FFE744F21841C5F60201086820F0F5
:106310007000049A126910430860FFE7FFE70498D1
:1063200000780007002819D5FFE70498406944F277
:106330001C41C5F60201096801F0700188420CD9C0
:10634000FFE744F21C41C5F60201086820F0700026
:10635000049A526910430860FFE7FFE70498007849
:10636000C006002819D5FFE70498806944F21C4153
:10637000C5F60201096801F4E06188420CD9FFE723
:1063800044F21C41C5F60201086820F4E060049A5A
:10639000926910430860FFE7FFE7049800788006E1
:1063A000002819D5FFE70498C06944F22041C5F6DA
:1063B0000201096801F0700188420CD9FFE744F23C
:1063C0002041C5F60201086820F07000049AD269E5
:1063D00010430860FFE7FFE7049800788007002873
:1063E00019D5FFE70498C06844F21841C5F60201C8
:1063F000096801F00F0188420CD9FFE744F2184107
:10640000C5F60201086820F00F00049AD268104314
:106410000860FFE7FFE704980078C007002800F055
:106420008C80FFE744F21841C5F60201086820F4A9
:106430007060049A926810430860049840680228CB
:1064400011D1FFE744F20040C5F60200006800F4F5
:1064500000310020B0EB514F04D1FFE701208DF84F
:10646000170059E13EE004984068032811D1FFE786
:1064700044F20040C5F60200006800F00071002000
:10648000B0EB516F04D1FFE701208DF8170043E115
:1064900027E004984068012811D1FFE744F200404A
:1064A000C5F60200006800F480710020B0EB112FE7
:1064B00004D1FFE701208DF817002DE110E044F230
:1064C0000040C5F60200006800F004010020B0EBB7
:1064D000910F04D1FFE701208DF817001CE1FFE7C1
:1064E000FFE7FFE744F21041C5F60201086820F01B
:1064F0000700049A526810430860FEF779FA019089
:10650000FFE744F21040C5F60200006800F03800D2
:1065100004994968B0EBC10F0ED0FFE7FEF768FAA7
:106520000199401A41F28931884204D3FFE70320E0
:106530008DF81700F0E0E4E7FFE7049800788007A3
:10654000002819D5FFE70498C06844F21841C5F641
:106550000201096801F00F0188420CD2FFE744F202
:106560001841C5F60201086820F00F00049AD268AD
:1065700010430860FFE7FFE7039842F20001C5F20D
:106580000021096801F00F01884216D2FFE742F2AC
:106590000000C5F20020016821F00F01039A1143A9
:1065A0000160006800F00F000399884204D0FFE703
:1065B00001208DF81700AFE0FFE70498007840074E
:1065C000002819D5FFE70498006944F21841C5F680
:1065D0000201096801F0700188420CD2FFE744F221
:1065E0001841C5F60201086820F07000049A12698B
:1065F00010430860FFE7FFE70498007800070028D1
:1066000019D5FFE70498406944F21C41C5F6020120
:10661000096801F0700188420CD2FFE744F21C4186
:10662000C5F60201086820F07000049A5269104310
:106630000860FFE7FFE704980078C006002819D536
:10664000FFE70498806944F21C41C5F6020109681D
:1066500001F4E06188420CD2FFE744F21C41C5F628
:106660000201086820F4E060049A9269104308600F
:10667000FFE7FFE7049800788006002819D5FFE7B8
:106680000498C06944F22041C5F60201096801F08E
:10669000700188420CD2FFE744F22041C5F60201A6
:1066A000086820F07000049AD26910430860FFE780
:1066B000FFE700F089F844F21842C5F602021168BB
:1066C000C1F303234FF28411C0F60001CB5C03F049
:1066D0001F03D84000900098126802F00F02895CF6
:1066E00001F01F01C84040F20401C2F200410860FD
:1066F000009840F20001C2F20041086040F20C0034
:10670000C2F200400068FEF7CBF98DF80B009DF84F
:106710000B008DF81700FFE79DF8170006B080BD4D
:1067200080B582B000F050F844F21842C5F602027B
:106730001168C1F303234FF28411C0F60001CB5C52
:1067400003F01F03D84001900198126802F00F0275
:10675000895C01F01F0120FA01F140F20400C2F24D
:1067600000400160019940F20002C2F20042116053
:10677000006802B080BD000080B5FFF7D1FF44F291
:106780001C41C5F602010968C1F302124FF28411DF
:10679000C0F60001895C01F01F01C84080BD000007
:1067A00080B5FFF7BDFF44F21C41C5F60201096840
:1067B000C1F302224FF28411C0F60001895C01F09E
:1067C0001F01C84080BD00008AB044F21040C5F6E9
:1067D0000200006800F0380001460191182800F21C
:1067E0005F810199DFE811F019005C015C015C0137
:1067F0005C015C015C015C013A005C015C015C01D4
:106800005C015C015C015C0140005C015C015C01BD
:106810005C015C015C015C01460044F20040C5F68D
:106820000200006800F020010020B0EB511F0ED0E4
:10683000FFE744F20040C5F602000068C0F3C10162
:1068400049F20000C0F2D030C840029005E049F2A1
:106850000000C0F2D0300290FFE727E140F60010C0
:10686000C0F23D00029021E147F64000C0F27D10E9
:1068700002901BE144F22840C5F60200016801F0D5
:10688000030108910068C0F30510079044F22C4002
:10689000C5F60200006800F001000690069844F278
:1068A0003441C5F60201096889B2C908484300EEBF
:1068B000100AB8EE400A8DED040A0798002800F08F
:1068C000EB80FFE70898009048B1FFE700980128A7
:1068D00065D0FFE70098022800F08380A3E044F22F
:1068E0000040C5F60200006800F020010020B0EB77
:1068F000511F31D0FFE744F20040C5F602000068A6
:10690000C0F3C10149F20000C0F2D030C840059088
:106910009DED050AB8EE400A9DED071AB8EE411A42
:1069200080EE010A44F23040C5F6020000686FF3C1
:106930005F2001EE100AB8EE411A9DED042A9FED8A
:106940005E3A02EE031AB7EE002A31EE021A20EE8A
:10695000010A8DED030A21E09DED070AB8EE401A09
:106960009FED570A80EE010A44F23040C5F602005E
:1069700000686FF35F2001EE100AB8EE411A9DED3A
:10698000042A9FED4D3A02EE031AB7EE002A31EECB
:10699000021A20EE010A8DED030AFFE765E09DED86
:1069A000070AB8EE401A9FED450A80EE010A44F24C
:1069B0003040C5F6020000686FF35F2001EE100A58
:1069C000B8EE411A9DED042A9FED3B3A02EE031A00
:1069D000B7EE002A31EE021A20EE010A8DED030A0D
:1069E00043E09DED070AB8EE401A9FED320A80EEB3
:1069F000010A44F23040C5F6020000686FF35F20E0
:106A000001EE100AB8EE411A9DED042A9FED2A3AD4
:106A100002EE031AB7EE002A31EE021A20EE010A46
:106A20008DED030A21E09DED070AB8EE401A9FEDB7
:106A3000230A80EE010A44F23040C5F602000068E5
:106A40006FF35F2001EE100AB8EE411A9DED042AA3
:106A50009FED193A02EE031AB7EE002A31EE021A40
:106A600020EE010A8DED030AFFE744F23040C5F63F
:106A70000200006881B2012000EB512009909DEDD9
:106A8000030A9DED091AB8EE411A80EE010ABCEE28
:106A9000C00A8DED020A02E000200290FFE705E047
:106AA00040F60010C0F23D000290FFE702980AB0E5
:106AB000704700BF20BCBE4B000000390024744A60
:106AC0000024744C0000000080B58CB00A900A9835
:106AD00028B9FFE701208DF82F0000F001BD0A98CA
:106AE0000078C007002800F0B980FFE744F21040AA
:106AF000C5F60200006800F03800069044F2284015
:106B0000C5F6020000680590069810280AD0FFE735
:106B1000069818281CD1FFE7059800F0030002280A
:106B200016D1FFE744F20040C5F60200006800F409
:106B300000310020B0EB514F09D0FFE70A984068C0
:106B400028B9FFE701208DF82F0000F0C9BC84E0D0
:106B5000FFE70A984068B0F5803F09D1FFE744F2AB
:106B60000041C5F60201086840F48030086032E058
:106B70000A98406868B9FFE744F20041C5F602018F
:106B8000086820F480300860086820F480200860DD
:106B900020E00A984068B0F5A02F0DD1FFE744F23D
:106BA0000041C5F60201086840F4802008600868CA
:106BB00040F4803008600CE044F20041C5F6020168
:106BC000086820F480300860086820F4802008609D
:106BD000FFE7FFE7FFE7FFE70A984068F0B1FFE74C
:106BE000FDF706FF0990FFE744F20040C5F60200FA
:106BF000006800F400310020B0EB514F0DD1FFE7E9
:106C0000FDF7F6FE0999401A652805D3FFE7032032
:106C10008DF82F0000F064BCE6E71DE0FDF7E8FE0C
:106C20000990FFE744F20040C5F60200006800F456
:106C300000310020B0EB514F0DD0FFE7FDF7D8FE3B
:106C40000999401A652805D3FFE703208DF82F0026
:106C500000F046BCE6E7FFE7FFE7FFE70A980078A9
:106C60008007002840F1C580FFE744F21040C5F6D8
:106C70000200006800F03800049044F22840C5F695
:106C8000020000680390049850B1FFE704981828A8
:106C900050D1FFE79DF80C00800700284AD1FFE79C
:106CA00044F20040C5F60200006800F00401002034
:106CB000B0EB910F09D0FFE70A98C06828B9FFE749
:106CC00001208DF82F0000F00BBC44F20041C5F606
:106CD0000201086820F019000A9AD268104308607F
:106CE000FDF786FE0990FFE744F20040C5F602007A
:106CF000006800F004010020B0EB910F0CD1FFE719
:106D0000FDF776FE0999401A032804D3FFE7032014
:106D10008DF82F00E4E3E7E744F20441C5F60201F1
:106D2000086820F0FE400A9A126940EA0260086092
:106D3000FFE75DE00A98C068A0B3FFE744F20041B6
:106D4000C5F60201086820F019000A9AD2681043BB
:106D50000860FDF74DFE0990FFE744F20040C5F6DC
:106D60000200006800F004010020B0EB910F0CD18C
:106D7000FFE7FDF73DFE0999401A032804D3FFE71A
:106D800003208DF82F00ABE3E7E744F20441C5F69A
:106D90000201086820F0FE400A9A126940EA026087
:106DA000086024E044F20041C5F60201086820F0C2
:106DB00001000860FDF71CFE0990FFE744F2004067
:106DC000C5F60200006800F004010020B0EB910F4E
:106DD0000CD0FFE7FDF70CFE0999401A032804D3F5
:106DE000FFE703208DF82F007AE3E7E7FFE7FFE7EF
:106DF000FFE70A980078C006002840F1A080FFE76E
:106E000044F21040C5F60200006800F0380002901D
:106E100044F22840C5F60200006801900298082854
:106E20000AD0FFE7029818282BD1FFE7019800F05D
:106E30000300012825D1FFE744F20040C5F6020017
:106E4000006800F480710020B0EB112F09D0FFE73B
:106E50000A98C069802804D0FFE701208DF82F0030
:106E60003EE3FFE744F20C41C5F60201086820F05A
:106E70007C500A9A126A40EA02600860FFE7FFE766
:106E80005CE00A98C06998B3FFE744F20041C5F698
:106E90000201086840F080000860FDF7A9FD099034
:106EA000FFE744F20040C5F60200006800F480717C
:106EB0000020B0EB112F0CD1FFE7FDF799FD0999E8
:106EC000401A032804D3FFE703208DF82F0007E3BF
:106ED000E7E7FFE744F20C41C5F60201086820F03D
:106EE0007C500A9A126A40EA02600860FFE724E0D8
:106EF00044F20041C5F60201086820F080000860F5
:106F0000FDF776FD0990FFE744F20040C5F6020068
:106F1000006800F480710020B0EB112F0CD0FFE767
:106F2000FDF766FD0999401A032804D3FFE7032003
:106F30008DF82F00D4E2E7E7FFE7FFE7FFE70A98C5
:106F40000078000700284FD5FFE70A98406928B36A
:106F5000FFE744F27441C5F60201086840F0010001
:106F60000860FDF745FD0990FFE744F27440C5F65F
:106F70000200006800F002010020B0EB510F0CD1BC
:106F8000FFE7FDF735FD0999401A032804D3FFE711
:106F900003208DF82F00A3E2E7E724E044F27441D8
:106FA000C5F60201086820F001000860FDF720FD29
:106FB0000990FFE744F27440C5F60200006800F053
:106FC00002010020B0EB510F0CD0FFE7FDF710FDE0
:106FD0000999401A032804D3FFE703208DF82F00F6
:106FE0007EE2E7E7FFE7FFE70A98007880060028DF
:106FF0004FD5FFE70A98806928B3FFE744F20041C4
:10700000C5F60201086840F480500860FDF7F0FC06
:107010000990FFE744F20040C5F60200006800F462
:1070200000510020B0EB513F0CD1FFE7FDF7E0FC31
:107030000999401A032804D3FFE703208DF82F0095
:107040004EE2E7E724E044F20041C5F60201086899
:1070500020F480500860FDF7CBFC0990FFE744F274
:107060000040C5F60200006800F400510020B0EBBB
:10707000513F0CD0FFE7FDF7BBFC0999401A0328EC
:1070800004D3FFE703208DF82F0029E2E7E7FFE7AD
:10709000FFE70A9800784007002840F1A780FFE743
:1070A00044F60001C5F60201086840F480700860EB
:1070B000FDF79EFC0990FFE744F60000C5F60200CC
:1070C0000068C00500280CD4FFE7FDF791FC099982
:1070D000401A652804D3FFE703208DF82F00FFE155
:1070E000EAE7FFE70A988068012809D1FFE744F240
:1070F0007041C5F60201086840F00100086031E007
:107100000A98806868B9FFE744F27041C5F6020149
:10711000086820F001000860086820F0040008609A
:107120001FE00A98806805280DD1FFE744F27041FE
:10713000C5F60201086840F004000860086840F0E5
:10714000010008600CE044F27041C5F602010868D5
:1071500020F001000860086820F004000860FFE7E4
:10716000FFE7FFE7FFE70A988068F8B1FFE7FDF760
:107170003FFC0990FFE744F27040C5F6020000684A
:1071800000F002010020B0EB510F0ED1FFE7FDF738
:107190002FFC0999401A41F28931884204D3FFE754
:1071A00003208DF82F009BE1E5E71EE0FDF720FCB2
:1071B0000990FFE744F27040C5F60200006800F055
:1071C00002010020B0EB510F0ED0FFE7FDF710FCDD
:1071D0000999401A41F28931884204D3FFE703201C
:1071E0008DF82F007CE1E5E7FFE7FFE70A98406AAA
:1071F000002800F07181FFE744F21040C5F602005C
:10720000006800F03800182800F0E080FFE70A98D6
:10721000406A022840F0B480FFE744F20041C5F61E
:107220000201086820F080700860FDF7E1FB09901A
:10723000FFE744F20040C5F60200006800F000716C
:107240000020B0EB516F0CD0FFE7FDF7D1FB09999F
:10725000401A032804D3FFE703208DF82F003FE1F5
:10726000E7E7FFE744F22841C5F60201086840F26B
:10727000F33290430A9B9A6ADB6A42EA0312104394
:1072800008600A99086BD1F834C08B6BCA6B01385F
:107290006FF35F204FF60061CFF6FF7101EB4C21D9
:1072A00089B208440021CFF6FF7101EB034101F4DC
:1072B000FE0108444FF07F4101EB026101F0FE4105
:1072C000084444F23041C5F602010860FFE744F289
:1072D0002C41C5F602010091086820F00100086009
:1072E00044F23442C5F6020210684FF6F873984330
:1072F0000A9B9B6C40EAC3001060086820F00C00F9
:107300000A9A126C10430860086820F002000A9A7A
:10731000526C10430860086840F4803008600868C8
:1073200040F400300860086840F480200860086875
:1073300040F00100086044F20041C5F6020108680F
:1073400040F080700860FDF753FB0990FFE744F2BE
:107350000040C5F60200006800F000710020B0EBAC
:10736000516F0CD1FFE7FDF743FB0999401A032841
:1073700004D3FFE703208DF82F00B1E0E7E724E016
:1073800044F20041C5F60201086820F080700860F0
:10739000FDF72EFB0990FFE744F20040C5F602001E
:1073A000006800F000710020B0EB516F0CD0FFE7D7
:1073B000FDF71EFB0999401A032804D3FFE70320B9
:1073C0008DF82F008CE0E7E7FFE784E044F22840E7
:1073D000C5F602000068089044F23040C5F602008D
:1073E000006807900A98406A012837D0FFE708989C
:1073F00000F003000A99896A88422FD1FFE70898B4
:1074000000F47C710A98C06AB0EB111F26D1FFE727
:1074100007986FF35F200A99096B013988421DD1E3
:10742000FFE7BDF81C100A98406B0138B0EB512FF4
:1074300014D1FFE7079800F4FE010A98806B013829
:10744000B0EB114F0AD1FFE7079800F0FE410A9810
:10745000C06B0138B0EB116F04D0FFE701208DF84D
:107460002F003DE044F23440C5F60200006880B2CF
:10747000C00808900A98806C0899884229D0FFE7D4
:1074800044F22C41C5F60201086820F001000860B2
:10749000FDF7AEFA0990FFE7FDF7AAFA0999401A3D
:1074A00008B9FFE7F8E744F23441C5F6020108687D
:1074B0004FF6F87290430A9A926C40EAC200086054
:1074C00044F22C41C5F60201086840F00100086052
:1074D000FFE7FFE7FFE7FFE700208DF82F00FFE75A
:1074E0009DF82F000CB080BD80B582B0019001984E
:1074F00003F07EFC02B080BD81B0009001B0704707
:1075000081B0009001B0704781B0009001B0704729
:1075100085B003900291FFE7039890F83C000128A2
:1075200004D1FFE702208DF81300ABE0039901209E
:1075300081F83C00FFE7FFE70399022081F83D0056
:107540000398006840680190039800688068009084
:10755000039800680021C4F20101884209D0FFE7C6
:107560000398006840F20041C4F2010188420AD148
:10757000FFE7019820F4700001900298416801989B
:1075800008430190FFE7019820F0700001900298F5
:1075900001680198084301900198039909684860BF
:1075A000039800680021C4F2010188424ED0FFE731
:1075B00003980068B0F1804F48D0FFE70398006857
:1075C00040F20041C4F2000188423FD0FFE7039837
:1075D000006840F60001C4F20001884236D0FFE79F
:1075E0000398006840F60041C4F2000188422DD0A3
:1075F000FFE70398006840F20041C4F201018842AD
:1076000024D0FFE70398006841F60001C4F20001AE
:1076100088421BD0FFE70398006844F20001C4F2DF
:107620000101884212D0FFE7039800684EF2000182
:10763000C4F20001884209D0FFE7039800684EF2C7
:107640000041C4F2000188420ED1FFE7009820F00B
:10765000800000900298816800980843009000988C
:10766000039909688860FFE70399012081F83D00CC
:10767000FFE70399002081F83C00FFE700208DF828
:107680001300FFE79DF8130005B0704700000000ED
:1076900080B582B00090009820B9FFE701208DF8F6
:1076A000070045E0009890F83D0040B9FFE70099D9
:1076B000002081F83C00009800F03EF8FFE70099B8
:1076C000022081F83D00009951F8040B03F0F8FD09
:1076D0000099012081F84800FFE70099012081F816
:1076E0003E00009981F83F00009981F84000009920
:1076F00081F84100009981F84200009981F8430027
:10770000FFE7FFE70099012081F84400009981F824
:107710004500009981F84600009981F84700FFE78D
:107720000099012081F83D0000208DF80700FFE757
:107730009DF8070002B080BD80B5AAB02990002056
:107740002890279026902590249029980068002161
:10775000C4F20101884240F0E680FFE7FFE744F20F
:10776000F040C5F60200016841F0010101600068C7
:1077700000F0010023902398FFE7FFE744F2E04088
:10778000C5F60200016841F010010160006800F0D8
:10779000100022902298FFE74FF4D440249002205A
:1077A000259001202690002116912791289041F2E2
:1077B0000000C5F6020024A9FCF746FF169941F225
:1077C000D410C2F2004017901022C4F202020260EC
:1077D0000B2242608160C1604FF4806202614FF40D
:1077E000805242614FF480428261C1614FF4803225
:1077F00002624162FBF7F4FE18B1FFE7F9F7D8FD2A
:10780000FFE7FFE7299841F2D411C2F2004141623B
:1078100029988863FFE741F24C20C2F2004015909E
:107820002821C4F2020101600C2141600021816025
:10783000C1604FF4806202614FF4805242614FF4A4
:1078400080428261C1614FF4803202624162FBF783
:10785000C7FE18B1FFE7F9F7ABFDFFE7FFE729988F
:1078600041F24C21C2F20041816229988863FFE70E
:1078700041F23C30C2F2004014904021C4F20201B7
:1078800001600E21416000218160C1604FF480627F
:1078900002614FF4805242614FF480428261C161C3
:1078A0004FF4803202624162FBF79AFE18B1FFE7A3
:1078B000F9F77EFDFFE7FFE7299841F23C31C2F27C
:1078C0000041016329988863FFE741F2C420C2F2B6
:1078D000004013905821C4F2020101600D21416063
:1078E00000218160C1604FF4806202614FF48052D8
:1078F00042614FF480428261C1614FF48032026282
:107900004162FBF76DFE18B1FFE7F9F751FDFFE7A4
:10791000FFE7299841F2C421C2F20041C1622998CF
:107920008863FFE7FEE229980068B0F1804F30D10C
:10793000FFE7FFE744F2E840C5F60200016841F0C6
:1079400001010160006800F0010021902198FFE72B
:10795000FFE744F2E040C5F60200016841F0020191
:107960000160006800F0020020902098FFE74FF4CB
:10797000006024900220259000202690279001206E
:10798000289040F20040C5F6020024A9FCF75CFEF6
:10799000C7E22998006840F20041C4F20001884221
:1079A00040F0D880FFE7FFE744F2E840C5F6020068
:1079B000016841F002010160006800F002001F90C0
:1079C0001F98FFE7FFE744F2E040C5F602000168B8
:1079D00041F001010160006800F001001E901E9856
:1079E000FFE7FFE744F2E040C5F60200016841F01E
:1079F00002010160006800F002001D901D98FFE781
:107A0000C020249002200F90259001210E912691F4
:107A100000211191279128900020C5F6020024A989
:107A20001091FCF711FE0E9B0F981099119A249358
:107A3000259026932792289040F20040C5F6020038
:107A4000FCF702FE119941F2B430C2F200401290EC
:107A50007022C4F202020260172242608160C1609B
:107A60004FF4806202614FF4805242614FF48042D1
:107A70008261C1614FF4803202624162FBF7B0FD66
:107A800018B1FFE7F9F794FCFFE7FFE7299841F207
:107A9000B431C2F20041416229988863FFE741F2A4
:107AA0002C40C2F200400D908821C4F20201016016
:107AB0001821416000218160C1604FF48062026141
:107AC0004FF4805242614FF480428261C1614FF4B1
:107AD000803202624162FBF783FD18B1FFE7F9F7DC
:107AE00067FCFFE7FFE7299841F22C41C2F2004111
:107AF000816229988863FFE741F2A440C2F2004006
:107B00000C90A021C4F20201016019214160002102
:107B10008160C1604FF4806202614FF48052426123
:107B20004FF480428261C1614FF48032026241624F
:107B3000FBF756FD18B1FFE7F9F73AFCFFE7FFE75F
:107B4000299841F2A441C2F20041C1622998886398
:107B5000FFE7E5E12998006840F60001C4F2000162
:107B6000884240F0BB80FFE7FFE744F2E840C5F6FB
:107B70000200016841F004010160006800F00400A7
:107B80001C901C98FFE7FFE744F2E040C5F60200B6
:107B9000016841F008010160006800F008001B90D6
:107BA0001B98FFE74FF4E04024900220259001212C
:107BB000269100210A912791289040F60040C5F6B1
:107BC000020024A9FCF740FD0A9941F21C50C2F2C0
:107BD00000400B90B822C4F2020202601D224260F3
:107BE0008160C1604FF4806202614FF48052426153
:107BF0004FF480428261C1614FF48032026241627F
:107C0000FBF7EEFC18B1FFE7F9F7D2FBFFE7FFE760
:107C1000299841F21C51C2F20041416229988863BF
:107C2000FFE741F29450C2F20040099040F2104147
:107C3000C4F2020101601E21416000218160C16027
:107C40004FF4806202614FF4805242614FF48042EF
:107C50008261C1614FF4803202624162FBF7C0FC75
:107C600018B1FFE7F9F7A4FBFFE7FFE7299841F216
:107C70009451C2F20041816229988863FFE741F282
:107C80000C60C2F20040089040F22841C4F20201A8
:107C900001601F21416000218160C1604FF480625A
:107CA00002614FF4805242614FF480428261C161AF
:107CB0004FF4803202624162FBF792FC18B1FFE799
:107CC000F9F776FBFFE7FFE7299841F20C61C2F272
:107CD0000041C16229988863FFE720E12998006884
:107CE00040F60041C4F20001884219D1FFE7FFE7E6
:107CF00044F2E840C5F60200016841F00801016065
:107D0000006800F008001A901A98FFE732200790E8
:107D100000221146FCF7A0FF0798FCF791FFFDE059
:107D20002998006840F20041C4F20101884240F005
:107D3000F480FFE7FFE744F2F040C5F60200016877
:107D400041F002010160006800F0020019901998EA
:107D5000FFE7FFE744F2E040C5F60200016841F0AA
:107D600004010160006800F0040018901898FFE713
:107D70004FF470702490022025900120269000205E
:107D8000059027900320289040F60000C5F60200D9
:107D900024A9FCF759FC059941F28460C2F2004025
:107DA000069040F24042C4F2020202602F2242607A
:107DB0008160C1604FF4806202614FF48052426181
:107DC0004FF480428261C1614FF4803202624162AD
:107DD000FBF706FC18B1FFE7F9F7EAFAFFE7FFE760
:107DE000299841F28461C2F2004141622998886376
:107DF000FFE741F2FC60C2F20040049040F25841BB
:107E0000C4F2020101603021416000218160C16043
:107E10004FF4806202614FF4805242614FF480421D
:107E20008261C1614FF4803202624162FBF7D8FB8C
:107E300018B1FFE7F9F7BCFAFFE7FFE7299841F22D
:107E4000FC61C2F20041816229988863FFE741F238
:107E50007470C2F20040039040F27041C4F202011B
:107E600001603121416000218160C1604FF4806276
:107E700002614FF4805242614FF480428261C161DD
:107E80004FF4803202624162FBF7AAFB18B1FFE7B0
:107E9000F9F78EFAFFE7FFE7299841F27471C2F211
:107EA0000041C16229988863FFE741F2EC70C2F299
:107EB0000040029040F28841C4F202010160322188
:107EC000416000218160C1604FF4806202614FF423
:107ED000805242614FF480428261C1614FF480322E
:107EE00002624162FBF77CFB18B1FFE7F9F760FA29
:107EF000FFE7FFE7299841F2EC71C2F2004101630C
:107F000029988863FFE72D2001900F210022FCF7BC
:107F1000A3FE0198FCF794FEFFE7FFE7FFE7FFE70A
:107F2000FFE7FFE72AB080BD83B00190019890F889
:107F30003D00012804D0FFE701208DF80B0083E00D
:107F40000199022081F83D0001980168C86840F05D
:107F50000100C860019800680021C4F20101884254
:107F60004ED0FFE701980068B0F1804F48D0FFE79E
:107F70000198006840F20041C4F2000188423FD0FD
:107F8000FFE70198006840F60001C4F20001884252
:107F900036D0FFE70198006840F60041C4F20001C6
:107FA00088422DD0FFE70198006840F20041C4F2FA
:107FB0000101884224D0FFE70198006841F60001E2
:107FC000C4F2000188421BD0FFE70198006844F228
:107FD0000001C4F20101884212D0FFE70198006855
:107FE0004EF20001C4F20001884209D0FFE7019877
:107FF00000684EF20041C4F20001884219D1FFE747
:108000000198006880680721C0F2010108400090D3
:10801000009806280CD0FFE70098B0F5803F07D005
:10802000FFE701980168086840F001000860FFE779
:1080300006E001980168086840F001000860FFE769
:1080400000208DF80B00FFE79DF80B0003B0704790
:1080500080B586B00490039100208DF80B00FFE7F7
:10806000049890F83C00012804D1FFE702208DF825
:108070001700D1E00499012081F83C00FFE7FFE7F9
:108080000499022081F83D000498006880680190FE
:1080900001984FF68871CFF6CE7108400190019893
:1080A00020F47F4001900198049909688860039842
:1080B00000680090002800F09580FFE700981028E5
:1080C00000F09080FFE70098202800F08B80FFE709
:1080D0000098302800F08680FFE70098402874D090
:1080E000FFE70098502856D0FFE7009860285FD03F
:1080F000FFE7009870282AD0FFE70098B0F5805F6E
:1081000024D0FFE70098B0F5005F35D0FFE7009876
:10811000B0F5801F66D0FFE70098B0F1101F61D066
:10812000FFE700982021C0F2100188425AD0FFE7F3
:1081300000983021C0F21001884253D0FFE7009828
:108140004021C0F2100188424CD052E055E0049822
:108150000068039B5A689968DB6803F0A9FA0498E1
:10816000006880680190019840F0770001900198C4
:1081700004990968886040E004980068039B5A6885
:108180009968DB6803F094FA04980168886840F401
:108190008040886031E004980068039A5168D26892
:1081A00003F016FE04980068502103F09DFA24E0C5
:1081B00004980068039A5168D26803F0D1FE0498CD
:1081C0000068602103F090FA17E004980068039AB1
:1081D0005168D26803F0FCFD04980068402103F068
:1081E00083FA0AE0049800680399096803F07CFAAE
:1081F00003E001208DF80B00FFE70499012081F8CE
:108200003D00FFE70499002081F83C00FFE79DF85E
:108210000B008DF81700FFE79DF8170006B080BD32
:1082200081B0009001B0704780B582B00190019993
:1082300040F2D000C2F2004006F086F802B080BDE5
:1082400081B0009001B0704780B586B00490039172
:10825000029200208DF80700FFE7049890F83C0098
:10826000012804D1FFE702208DF8170080E004996F
:10827000012081F83C00FFE7FFE70298B0B9FFE773
:1082800004980068039B19685A68DB6803F0C8FD0E
:1082900004980168886920F00C008861039882685E
:1082A0000498016888691043886156E002980428A0
:1082B00017D1FFE704980068039B19685A68DB68C8
:1082C00003F07AFE04980168886920F440608861B0
:1082D0000398826804980168886940EA02208861EE
:1082E0003AE00298082816D1FFE704980068039B3B
:1082F00019685A68DB6803F097FE04980168C8693A
:1083000020F00C00C8610398826804980168C8696D
:108310001043C8611FE002980C2817D1FFE70498AA
:108320000068039B19685A68DB6803F0B5FE04987F
:108330000168C86920F44060C861039882680498A5
:108340000168C86940EA0220C86103E001208DF895
:108350000700FFE7FFE7FFE7FFE7FFE704990020DB
:1083600081F83C00FFE79DF807008DF81700FFE754
:108370009DF8170006B080BD80B582B000900098CF
:1083800020B9FFE701208DF8070045E0009890F83C
:108390003D0040B9FFE70099002081F83C000098BB
:1083A00000F03EF8FFE70099022081F83D000099B7
:1083B00051F8040B02F084FF0099012081F8480075
:1083C000FFE70099012081F83E00009981F83F0005
:1083D000009981F84000009981F84100009981F8E6
:1083E0004200009981F84300FFE7FFE70099012070
:1083F00081F84400009981F84500009981F8460011
:10840000009981F84700FFE70099012081F83D00BD
:1084100000208DF80700FFE79DF8070002B080BD3F
:1084200081B0009001B0704780B596B01490139160
:108430001292ADF8463000208DF84500139828B907
:10844000FFE7149890F83E000E9034E0139804284B
:1084500005D1FFE7149890F83F000D9028E013989D
:10846000082805D1FFE7149890F840000C901CE014
:1084700013980C2805D1FFE7149890F841000B9051
:1084800010E01398102805D1FFE7149890F84200E7
:108490000A9004E0149890F843000A90FFE70A98C5
:1084A0000B90FFE70B980C90FFE70C980D90FFE7FF
:1084B0000D980E90FFE70E988DF83F00139828B99D
:1084C000FFE7149890F8440009901CE013980428E2
:1084D00005D1FFE7149890F84500089010E0139834
:1084E000082805D1FFE7149890F84600079004E0AB
:1084F000149890F847000790FFE707980890FFE767
:1085000008980990FFE709988DF83E009DF83F0014
:10851000022805D0FFE79DF83E00022804D1FFE7BE
:1085200002208DF85700C3E19DF83F0001287AD161
:10853000FFE79DF83E00012875D1FFE7129820B1B2
:10854000FFE7BDF8460020B9FFE701208DF857008E
:10855000AEE1139828B9FFE71499022081F83E0094
:1085600038E01398042806D1FFE71499022081F817
:108570003F0006902CE01398082806D1FFE71499D5
:10858000022081F8400005901FE013980C2806D1C6
:10859000FFE71499022081F84100049012E013983B
:1085A000102806D1FFE71499022081F842000390B9
:1085B00005E01499022081F843000390FFE7039837
:1085C0000490FFE704980590FFE705980690FFE701
:1085D0000698FFE7139828B9FFE71499022081F85D
:1085E00044001EE01398042806D1FFE714990220E6
:1085F00081F84500029012E01398082806D1FFE7A1
:108600001499022081F84600019005E01499022097
:1086100081F847000190FFE701980290FFE7029878
:10862000FFE7FFE703E001208DF8570040E1FFE797
:10863000149800681399012202F026FF1398009005
:108640000C2800F2B6800099DFE801F007B3B3B35D
:1086500032B3B3B35DB3B3B388001498416A4BF23D
:10866000C140C0F60000C8631498416A4BF29950AB
:10867000C0F6000008641498416A4BF21160C0F61D
:108680000000C86414980168406A3431129ABDF839
:108690004630FBF755FC20B1FFE701208DF857006D
:1086A00006E114980168C86840F40070C86084E06E
:1086B0001498816A4BF2C140C0F60000C863149858
:1086C000816A4BF29950C0F6000008641498816AE0
:1086D0004BF21160C0F60000C86414980168806A0B
:1086E0003831129ABDF84630FBF72AFC20B1FFE77B
:1086F00001208DF85700DBE014980168C86840F449
:108700008060C86059E01498C16A4BF2C140C0F65D
:108710000000C8631498C16A4BF29950C0F600007B
:1087200008641498C16A4BF21160C0F60000C86476
:1087300014980168C06A3C31129ABDF84630FBF7C4
:10874000FFFB20B1FFE701208DF85700B0E014983F
:108750000168C86840F40060C8602EE01498016B9E
:108760004BF2C140C0F60000C8631498016B4BF295
:108770009950C0F6000008641498016B4BF2116028
:10878000C0F60000C86414980168006B4031129A6A
:10879000BDF84630FBF7D4FB20B1FFE701208DF890
:1087A000570085E014980168C86840F48050C8609C
:1087B00003E001208DF84500FFE7149800680021D0
:1087C000C4F2010188424ED0FFE714980068B0F16E
:1087D000804F48D0FFE71498006840F20041C4F28F
:1087E000000188423FD0FFE71498006840F600017E
:1087F000C4F20001884236D0FFE71498006840F6C2
:108800000041C4F2000188422DD0FFE714980068AF
:1088100040F20041C4F20101884224D0FFE71498DD
:10882000006841F60001C4F2000188421BD0FFE756
:108830001498006844F20001C4F20101884212D089
:10884000FFE7149800684EF20001C4F2000188426C
:1088500009D0FFE7149800684EF20041C4F200010D
:10886000884219D1FFE71498006880680721C0F298
:10887000010108401090109806280CD0FFE71098CE
:10888000B0F5803F07D0FFE714980168086840F012
:1088900001000860FFE706E014980168086840F0EE
:1088A00001000860FFE79DF845008DF85700FFE7DD
:1088B0009DF8570016B080BD80B58AB00990089128
:1088C00000228DF81F2009980068089902F0DCFD4D
:1088D000089806900C2835D80699DFE801F0073390
:1088E0003333123333331D3333332800099801688F
:1088F000C86820F40070C8600998406AF9F730FA37
:1089000024E009980168C86820F48060C86009986C
:10891000806AF9F725FA19E009980168C86820F417
:108920000060C8600998C06AF9F71AFA0EE0099861
:108930000168C86820F48050C8600998006BF9F796
:108940000FFA03E001208DF81F00FFE79DF81F00DC
:10895000002840F08480FFE7FFE709980068006A7C
:1089600041F21111084210D1FFE709980068006A2E
:1089700040F24441084207D1FFE7099801680868BE
:1089800020F001000860FFE7FFE7FFE7089828B93B
:10899000FFE70999012081F83E0038E00898042893
:1089A00006D1FFE70999012081F83F0005902CE0EE
:1089B0000898082806D1FFE70999012081F84000AE
:1089C00004901FE008980C2806D1FFE709990120C0
:1089D00081F84100039012E00898102806D1FFE7C3
:1089E0000999012081F84200029005E009990120CF
:1089F00081F843000290FFE702980390FFE7039895
:108A00000490FFE704980590FFE70598FFE70898B2
:108A100028B9FFE70999012081F844001EE0089871
:108A2000042806D1FFE70999012081F8450001904B
:108A300012E00898082806D1FFE70999012081F87B
:108A40004600009005E00999012081F84700009058
:108A5000FFE700980190FFE70198FFE7FFE79DF827
:108A60001F000AB080BD000080B584B00390039859
:108A70000068C068029003980068006901909DF842
:108A800004008007002824D5FFE79DF80800800730
:108A900000281DD5FFE7039801686FF00200086108
:108AA000039901200877039800688069800720B146
:108AB000FFE70398FFF7B8FB06E0039800F02CF9F6
:108AC000039800F05DFAFFE7039900200877FFE7BD
:108AD000FFE79DF804004007002825D5FFE79DF833
:108AE0000800400700281ED5FFE7039801686FF0D3
:108AF00004000861039902200877039800688069E0
:108B000010F4407F04D0FFE70398FFF78DFB06E0E9
:108B1000039800F001F9039800F032FAFFE7039997
:108B200000200877FFE7FFE79DF804000007002812
:108B300024D5FFE79DF80800000700281DD5FFE7B2
:108B4000039801686FF00800086103990420087712
:108B500003980068C069800720B1FFE70398FFF71A
:108B600063FB06E0039800F0D7F8039800F008FADA
:108B7000FFE7039900200877FFE7FFE79DF804006F
:108B8000C006002825D5FFE79DF80800C00600288C
:108B90001ED5FFE7039801686FF010000861039984
:108BA0000820087703980068C06910F4407F04D05B
:108BB000FFE70398FFF738FB06E0039800F0ACF8F6
:108BC000039800F0DDF9FFE7039900200877FFE73D
:108BD000FFE79DF80400C00778B1FFE79DF80800A3
:108BE000C00748B1FFE7039801686FF00100086112
:108BF000039800F0DDFBFFE7FFE7019800F080003D
:108C0000802806D0FFE79DF805008006002810D5D3
:108C1000FFE79DF808000006002809D5FFE7039844
:108C200001686FF4025008610398FEF769FCFFE7E2
:108C3000FFE79DF80500C00780B1FFE79DF8080039
:108C40000006002809D5FFE7039801686FF48070DB
:108C500008610398FEF750FCFFE7FFE79DF804006A
:108C60004006002810D5FFE79DF8080040060028C0
:108C700009D5FFE7039801686FF040000861039889
:108C800000F0AAFBFFE7FFE79DF80400800600283C
:108C900010D5FFE79DF808008006002809D5FFE7FA
:108CA000039801686FF0200008610398FEF72CFC20
:108CB000FFE7FFE704B080BD80B588B007900020D3
:108CC0000690059004900390029007980068B0F118
:108CD000804F1FD1FFE7FFE744F2E040C5F60200F6
:108CE000016841F001010160006800F0010001909D
:108CF0000198FFE7042002900220039000200490D6
:108D00000590012006900020C5F6020002A9FBF79D
:108D10009BFCFFE708B080BD81B0009001B07047B8
:108D200080B586B004900391029200208DF8070070
:108D3000FFE7049890F83C00012804D1FFE70220E7
:108D40008DF81700C0E00499012081F83C00FFE78E
:108D5000FFE702980090142800F2A7800099DFE84E
:108D600001F00BA4A4A424A4A4A43EA4A4A457A4E6
:108D7000A4A471A4A4A48A0004980068039902F032
:108D8000CBFC04980168886940F008008861049869
:108D90000168886920F004008861039802690498DA
:108DA000016888691043886183E00498006803992A
:108DB00002F05AFD04980168886940F400608861F7
:108DC00004980168886920F48060886103980269CA
:108DD00004980168886940EA0220886169E0049883
:108DE0000068039902F0F8FD04980168C86940F032
:108DF0000800C86104980168C86920F00400C861CF
:108E00000398026904980168C8691043C86150E07A
:108E100004980068039902F097FE04980168C869F5
:108E200040F40060C86104980168C86920F480605B
:108E3000C8610398026904980168C86940EA022081
:108E4000C86136E004980068039902F0EDFE0498CA
:108E50000168486D40F00800486504980168486D55
:108E600020F0040048650398026904980168486D81
:108E7000104348651DE004980068039902F03CFF28
:108E800004980168486D40F40060486504980168E2
:108E9000486D20F480604865039802690498016871
:108EA000486D40EA0220486503E001208DF8070084
:108EB000FFE7FFE70499002081F83C00FFE79DF8F9
:108EC00007008DF81700FFE79DF8170006B080BD7A
:108ED00080B582B00090009820B9FFE701208DF89E
:108EE000070045E0009890F83D0040B9FFE7009981
:108EF000002081F83C00009800F03EF8FFE7009960
:108F0000022081F83D00009951F8040B02F0D8F9D5
:108F10000099012081F84800FFE70099012081F8BD
:108F20003E00009981F83F00009981F840000099C7
:108F300081F84100009981F84200009981F84300CE
:108F4000FFE7FFE70099012081F84400009981F8CC
:108F50004500009981F84600009981F84700FFE735
:108F60000099012081F83D0000208DF80700FFE7FF
:108F70009DF8070002B080BD81B0009001B070473D
:108F800081B0009001B0704780B590B00E900D9107
:108F90000D9828B9FFE70E9890F83E000B9034E04A
:108FA0000D98042805D1FFE70E9890F83F000A902D
:108FB00028E00D98082805D1FFE70E9890F84000AA
:108FC00009901CE00D980C2805D1FFE70E9890F849
:108FD0004100089010E00D98102805D1FFE70E9889
:108FE00090F84200079004E00E9890F84300079034
:108FF000FFE707980890FFE708980990FFE70998AE
:109000000A90FFE70A980B90FFE70B98012804D01D
:10901000FFE701208DF83F0003E10D9828B9FFE735
:109020000E99022081F83E0038E00D98042806D100
:10903000FFE70E99022081F83F0006902CE00D9882
:10904000082806D1FFE70E99022081F8400005901C
:109050001FE00D980C2806D1FFE70E99022081F839
:109060004100049012E00D98102806D1FFE70E99F8
:10907000022081F84200039005E00E99022081F859
:1090800043000390FFE703980490FFE704980590DE
:10909000FFE705980690FFE70698FFE70E9800683F
:1090A0000D990122019202F0EFF901980E990968D9
:1090B0000022C4F20102914202902DD0FFE70E98E7
:1090C0000168012040F20042C4F201029142029084
:1090D00022D0FFE70E980168012044F20002C4F29A
:1090E00001029142029017D0FFE70E98016801201B
:1090F00044F20042C4F20102914202900CD0FFE718
:109100000E9800684BF60001CBF6FE710844B0FAE9
:1091100080F040090290FFE70298C00738B1FFE7EE
:109120000E980168486C40F400404864FFE70E98D0
:1091300000680021C4F2010188424ED0FFE70E987A
:109140000068B0F1804F48D0FFE70E98006840F209
:109150000041C4F2000188423FD0FFE70E9800684A
:1091600040F60001C4F20001884236D0FFE70E98B5
:10917000006840F60041C4F2000188422DD0FFE7AC
:109180000E98006840F20041C4F20101884224D0E8
:10919000FFE70E98006841F60001C4F20001884222
:1091A0001BD0FFE70E98006844F20001C4F20101F1
:1091B000884212D0FFE70E9800684EF20001C4F218
:1091C0000001884209D0FFE70E9800684EF2004186
:1091D000C4F20001884219D1FFE70E980068806848
:1091E0000721C0F2010108400C900C9806280CD011
:1091F000FFE70C98B0F5803F07D0FFE70E980168B5
:10920000086840F001000860FFE706E00E9801687A
:10921000086840F001000860FFE700208DF83F007B
:10922000FFE79DF83F0010B080BD00000000000087
:1092300080B588B0079006910798006806990022CB
:1092400002F022F90798016801200022C4F201020D
:10925000914205902DD0FFE707980168012040F268
:109260000042C4F201029142059022D0FFE7079824
:109270000168012044F20002C4F20102914205900B
:1092800017D0FFE707980168012044F20042C4F2BA
:109290000102914205900CD0FFE7079800684BF659
:1092A0000001CBF6FE710844B0FA80F04009059049
:1092B000FFE70598C007D8B1FFE7FFE70798006808
:1092C000006A41F21111084210D1FFE707980068C7
:1092D000006A40F24441084207D1FFE7079801685D
:1092E000486C20F400404864FFE7FFE7FFE7FFE732
:1092F000FFE707980068006A41F21111084210D197
:10930000FFE707980068006A40F24441084207D12D
:10931000FFE707980168086820F001000860FFE790
:10932000FFE7FFE7069828B9FFE70799012081F8D2
:109330003E0038E00698042806D1FFE7079901208F
:1093400081F83F0004902CE00698082806D1FFE73A
:109350000799012081F8400003901FE006980C282F
:1093600006D1FFE70799012081F84100029012E041
:109370000698102806D1FFE70799012081F84200DE
:10938000019005E00799012081F843000190FFE773
:1093900001980290FFE702980390FFE7039804907A
:1093A000FFE70498FFE7002008B080BD0000000040
:1093B00080B582B001900198006840F60041C4F287
:1093C0000001884203D1FFE705F07EFCFFE702B011
:1093D00080BD00000000000081B0009001B0704727
:1093E00083B00190FFE7019890F88400012804D130
:1093F000FFE702208DF80B002CE00199012081F895
:109400008400FFE7FFE701992420C1F88800019854
:1094100000680068009001980168086820F0010069
:109420000860009820F000500090019900204866E4
:10943000009801990968086001992020C1F8880006
:10944000FFE70199002081F88400FFE700208DF8F4
:109450000B00FFE79DF80B0003B070470000000011
:1094600080B586B004900391ADF80A200498D0F836
:109470008C00202844D1FFE7039820B1FFE7BDF816
:109480000A0020B9FFE701208DF817003CE004999D
:109490000120C86604990020086704980399BDF864
:1094A0000A2003F071FE8DF809009DF8090010BB39
:1094B000FFE70498C06E012818D1FFE704980168FF
:1094C00010200862FFE7FFE70498006850E8000FEB
:1094D00040F010000190FFE701990498026842E80B
:1094E00000100028F0D1FFE7FFE703E001208DF82E
:1094F0000900FFE7FFE79DF809008DF8170003E07A
:1095000002208DF81700FFE79DF8170006B080BD18
:1095100080B582B00190ADF802100198006844F265
:109520000041C4F20001884217D1FFE741F2D01098
:10953000C2F2004000680199896DBDF8022004F074
:109540008FF841F6B831C2F200410A68486801322A
:1095500040F100000A604860FFE702B080BD0000F3
:1095600081B0009001B0704780B584B00290019145
:10957000FFE7029890F88400012804D1FFE7022059
:109580008DF80F0032E00299012081F88400FFE796
:10959000FFE702992420C1F888000298006800685B
:1095A000009002980168086820F0010008600298A5
:1095B0000068806820F0606001990843029909689A
:1095C0008860029802F0A0FD00980299096808607E
:1095D00002992020C1F88800FFE70299002081F855
:1095E0008400FFE700208DF80F00FFE79DF80F00D3
:1095F00004B080BD0000000080B584B002900191ED
:10960000FFE7029890F88400012804D1FFE70220C8
:109610008DF80F0032E00299012081F88400FFE705
:10962000FFE702992420C1F88800029800680068CA
:10963000009002980168086820F001000860029814
:109640000068806820F06040019908430299096829
:109650008860029802F058FD009802990968086035
:1096600002992020C1F88800FFE70299002081F8C4
:109670008400FFE700208DF80F00FFE79DF80F0042
:1096800004B080BD0000000081B0009001B07047C0
:1096900081B0009001B0704780B586B00490049806
:1096A000D0F8880003900498D0F88C0002900498B9
:1096B000006880680006002836D5FFE70398212857
:1096C00032D1FFE7FFE7FFE70498006850E8020F98
:1096D00020F080000190FFE701990498026842E8B9
:1096E00002100028F0D1FFE7FFE70498C06FB8B17F
:1096F000FFE70498C06FF7F777FE80B1FFE70498A3
:10970000C06FF8F785FE202808D1FFE704991020E4
:10971000C1F8900003208DF8170049E0FFE7FFE74C
:10972000049802F0D9FFFFE70498006880684006BB
:10973000002839D5FFE70298222835D1FFE7FFE757
:10974000FFE70498006850E8020F20F04000009006
:10975000FFE700990498026842E802100028F0D15F
:10976000FFE7FFE70498D0F88000C8B1FFE704984E
:10977000D0F88000F7F738FE88B1FFE70498D0F8FA
:109780008000F8F745FE202808D1FFE70499102053
:10979000C1F8900003208DF8170009E0FFE7FFE70C
:1097A000049802F025FFFFE700208DF81700FFE77F
:1097B0009DF8170006B080BD81B0009001B07047E1
:1097C00080B592B0119011980068C06910901198FE
:1097D000006800680F901198006880680E901098DB
:1097E00040F60F0108400D900D98E0B9FFE79DF895
:1097F00040008006002815D5FFE79DF83C00800654
:10980000002806D4FFE79DF83B00C006002809D5D4
:10981000FFE71198406F20B1FFE71198416F88472B
:10982000FFE74AE3FFE70D98002800F00C81FFE70F
:109830000E980121C1F20001084209D1FFE70F98FB
:1098400040F22011C0F20041084200F0FC80FFE726
:109850009DF84000C00788B1FFE79DF83D00C007B4
:1098600060B1FFE711980168012008621199D1F8F1
:10987000900040F00100C1F89000FFE79DF8400023
:109880008007002811D5FFE79DF83800C00760B1B8
:10989000FFE711980168022008621199D1F8900041
:1098A00040F00400C1F89000FFE79DF84000400739
:1098B000002811D5FFE79DF83800C00760B1FFE729
:1098C00011980168042008621199D1F8900040F0C5
:1098D0000200C1F89000FFE79DF840000007002853
:1098E00019D5FFE79DF83C008006002807D4FFE764
:1098F0000E980121C1F2000108420CD0FFE7119837
:109900000168082008621199D1F8900040F0080021
:10991000C1F89000FFE79DF841000007002813D52B
:10992000FFE79DF83F00400700280DD5FFE711989D
:1099300001684FF4006008621199D1F8900040F07E
:109940002000C1F89000FFE71198D0F8900000289F
:1099500078D0FFE79DF840008006002815D5FFE786
:109960009DF83C008006002806D4FFE79DF83B00E8
:10997000C006002809D5FFE71198406F20B1FFE726
:109980001198416F8847FFE7FFE71198D0F89000E2
:109990000C9011980068806800F04000402806D0C4
:1099A000FFE79DF8300010F0280F42D0FFE7119834
:1099B00002F01EFE1198006880684006002833D52A
:1099C000FFE7FFE7FFE71198006850E8020F20F07B
:1099D00040000B90FFE70B991198026842E80210D3
:1099E0000028F0D1FFE7FFE71198D0F88000B0B170
:1099F000FFE71198D0F880104CF22140C0F600002B
:109A000008651198D0F88000F8F7AAF930B1FFE79F
:109A10001198D0F88000016D8847FFE703E01198A6
:109A2000FFF7CAFEFFE703E01198FFF7C5FEFFE767
:109A300007E01198FFF7C0FE11990020C1F89000CF
:109A4000FFE7FFE739E21198C06E012840F0D681A8
:109A5000FFE79DF84000C006002840F1CF81FFE7F6
:109A60009DF83C00C006002840F1C881FFE711982E
:109A7000016810200862119800688068400600287C
:109A800040F15A81FFE71198D0F88000006810215A
:109A9000C4F20201884200F0A280FFE71198D0F8DA
:109AA000800000682821C4F20201884200F09780FB
:109AB000FFE71198D0F8800000684021C4F202014D
:109AC000884200F08C80FFE71198D0F88000006891
:109AD0005821C4F20201884200F08180FFE711980A
:109AE000D0F8800000687021C4F20201884276D06C
:109AF000FFE71198D0F8800000688821C4F20201C5
:109B000088426CD0FFE71198D0F880000068A0214F
:109B1000C4F20201884262D0FFE71198D0F88000B9
:109B20000068B821C4F20201884258D0FFE71198BA
:109B3000D0F88000006840F21041C4F2020188426F
:109B40004DD0FFE71198D0F88000006840F228411E
:109B5000C4F20201884242D0FFE71198D0F8800099
:109B6000006840F24041C4F20201884237D0FFE76A
:109B70001198D0F88000006840F25841C4F2020108
:109B800088422CD0FFE71198D0F88000006840F29E
:109B90007041C4F20201884221D0FFE71198D0F849
:109BA0008000006840F28841C4F20201884216D069
:109BB000FFE71198D0F88000006840F2A041C4F29D
:109BC000020188420BD0FFE71198D0F880000068AE
:109BD00040F2B841C4F20201884207D1FFE7119870
:109BE000D0F8800000684068019006E01198D0F835
:109BF0008000006840680190FFE70198ADF82A00F6
:109C0000BDF82A0000287BD0FFE7BDF82A00119993
:109C1000B1F85C10884273DAFFE7BDF82A001199A9
:109C2000A1F85E001198D0F88000C069B0F5807F7F
:109C300059D0FFE7FFE7FFE71198006850E8000FF1
:109C400020F480700990FFE709991198026842E8B2
:109C500000100028F0D1FFE7FFE7FFE7FFE71198CA
:109C6000006850E8020F20F001000890FFE7089913
:109C70001198026842E802100028F0D1FFE7FFE7E0
:109C8000FFE7FFE71198006850E8020F20F040005E
:109C90000790FFE707991198026842E80210002830
:109CA000F0D1FFE7FFE711992020C1F88C0011994E
:109CB0000020C866FFE7FFE71198006850E8000F32
:109CC00020F010000690FFE706991198026842E81C
:109CD00000100028F0D1FFE7FFE71198D0F88000CE
:109CE000F7F782FBFFE71199022008671198B0F897
:109CF0005C10B0F85E20891A89B2FFF709FC1AE0FF
:109D0000BDF82A001199B1F85C10884212D1FFE722
:109D10001198D0F88000C069B0F5807F09D1FFE7C5
:109D20001199022008671198B0F85C10FFF7F0FB5A
:109D3000FFE7FFE7FFE7C0E01199B1F85C00B1F879
:109D40005E10401AADF816001198B0F85E000028B9
:109D500053D0FFE7BDF8160000284ED0FFE7FFE71D
:109D6000FFE71198006850E8000F20F4907004900D
:109D7000FFE704991198026842E800100028F0D12A
:109D8000FFE7FFE7FFE7FFE71198006850E8020FE1
:109D90004FF6FE71CEF6FF7108400390FFE703997E
:109DA0001198026842E802100028EDD1FFE7FFE7B2
:109DB00011992020C1F88C0011990020C8661199D2
:109DC0004867FFE7FFE71198006850E8000F20F0B0
:109DD00010000290FFE702991198026842E8001013
:109DE0000028F0D1FFE7FFE71199022008671198DA
:109DF000BDF81610FFF78CFBFFE75EE09DF8420010
:109E0000C00600280FD5FFE79DF83A00400600285D
:109E100009D5FFE7119801684FF480100862119886
:109E2000FFF736FC49E09DF840000006002815D5F4
:109E3000FFE79DF83C000006002806D4FFE79DF8E8
:109E40003A000006002809D5FFE71198806F20B17D
:109E5000FFE71198816F8847FFE72EE09DF84000EB
:109E6000400600280AD5FFE79DF83C004006002880
:109E700004D5FFE7119802F00BFC1EE09DF84200AC
:109E8000000600280AD5FFE79DF83F00400600289D
:109E900004D5FFE71198FFF7F7FB0EE09DF84300AC
:109EA000C00750B1FFE79DF83F000006002804D529
:109EB000FFE71198FFF754FBFFE712B080BD0000E9
:109EC00080B582B00090009820B9FFE701208DF89E
:109ED000070046E00098806908B1FFE700E0FFE76F
:109EE0000098D0F8880040B9FFE70099002081F879
:109EF0008400009800F03CF8FFE700992420C1F8A6
:109F0000880000980168086820F001000860009847
:109F1000806A20B1FFE7009802F03AF9FFE7009865
:109F200002F00AFC012804D1FFE701208DF80700A8
:109F300017E000980168486820F490404860009855
:109F40000168886820F02A00886000980168086825
:109F500040F001000860009802F0BEF98DF807009B
:109F6000FFE79DF8070002B080BD00000000000080
:109F700080B5BAB03990002038903790369035903F
:109F8000349006A8B821F6F738FB3998006844F2F7
:109F90000041C4F20001884240F09D80FFE70020AC
:109FA000079002210691239006A8FBF775F918B1D6
:109FB000FFE7F7F7FDF9FFE7FFE744F2E840C5F6F2
:109FC0000200016841F400310160006800F40030D3
:109FD00005900598FFE7FFE744F2E040C5F6020070
:109FE000016841F008010160006800F00800049079
:109FF0000498FFE760203490022035900020029002
:10A00000369037900720389040F60040C5F60200A1
:10A0100034A9FAF719FB029941F66400C2F2004034
:10A02000039040F2A042C4F2020202602B2242607E
:10A030008160C1604FF48062026141618161C161F0
:10A040004FF4803202624162F9F7CAFA18B1FFE7B1
:10A05000F7F7AEF9FFE7FFE7399841F66401C2F27E
:10A060000041C0F8801039988863FFE741F6DC00B2
:10A07000C2F20040019040F2B841C4F20201016016
:10A080002C214160402181600021C1604FF4806239
:10A09000026141618161C1614FF4803202624162BB
:10A0A000F9F79EFA18B1FFE7F7F782F9FFE7FFE744
:10A0B000399841F6DC01C2F20041C16739988863E2
:10A0C000FFE72620009000221146FAF7C5FD009810
:10A0D000FAF7B6FDFFE73AB080BD000000000000CF
:10A0E00081B0009001B0704781B0009001B070471E
:10A0F00081B0009001B07047FFE7FEE7000000006C
:10A1000080B594B0FFE744F2D840C5F6020001687C
:10A1100041F001010160006800F001001390139804
:10A12000FFE7FFE744F2D840C5F60200016841F0BE
:10A1300002010160006800F0020012901298FFE72F
:10A140000B200190002210921146FAF785FD01982C
:10A15000FAF776FD109A0C2002901146FAF77CFD72
:10A160000298FAF76DFD109A0D2003901146FAF748
:10A1700073FD0398FAF764FD109A0E2004901146BF
:10A18000FAF76AFD0498FAF75BFD109A0F20059024
:10A190001146FAF761FD0598FAF752FD109A102062
:10A1A00006901146FAF758FD0698FAF749FD109AFD
:10A1B000112007901146FAF74FFD0798FAF740FD76
:10A1C000109A2F2008901146FAF746FD0898FAF7E2
:10A1D00037FD109A382009901146FAF73DFD09988D
:10A1E000FAF72EFD109A39200A901146FAF734FD3D
:10A1F0000A98FAF725FD109A3A200B901146FAF7C3
:10A200002BFD0B98FAF71CFD109A3B200C90114681
:10A21000FAF722FD0C98FAF713FD109A3C200D90E6
:10A220001146FAF719FD0D98FAF70AFD109A442025
:10A230000E901146FAF710FD0E98FAF701FD109AEC
:10A2400045200F901146FAF707FD0F98FAF7F8FC32
:10A25000109A462011901146FAF7FEFC1198FAF771
:10A26000EFFC14B080BD000080B58CB000200B90D6
:10A270000A90099008900790FFE744F2E040C5F685
:10A280000200016841F020010160006800F0200038
:10A2900006900698FFE7FFE744F2E040C5F60200AB
:10A2A000016841F080010160006800F080000590C5
:10A2B0000598FFE7FFE744F2E040C5F602000168B9
:10A2C00041F001010160006800F001000490049871
:10A2D000FFE7FFE744F2E040C5F60200016841F005
:10A2E00002010160006800F0020003900398FFE79C
:10A2F000FFE744F2E040C5F60200016841F01001BA
:10A300000160006800F0100002900298FFE7FFE78C
:10A3100044F2E040C5F60200016841F00801016026
:10A32000006800F0080001900198FFE7FFE744F2A1
:10A33000E040C5F60200016841F0040101600068D8
:10A3400000F0040000900098FFE74FF48070079041
:10A3500002200890002009900A9009200B9041F2F9
:10A360000040C5F6020007A9FAF76EF90CB080BDEF
:10A3700080B58EB0002101910D910C910B910A9145
:10A38000099108910791069105910491039141F675
:10A390005410C2F2004002900022C4F20102026096
:10A3A000EF22426081604FF6FF72C260016141613D
:10A3B0008161FDF76DF918B1FFE7F6F7F9FFFFE7E7
:10A3C0004FF480500A9041F65410C2F200400AA99E
:10A3D000FDF73EFE18B1FFE7F6F7EAFFFFE741F6AB
:10A3E0005410C2F20040FDF7C7FF18B1FFE7F6F7BF
:10A3F000DFFFFFE7002007900890099041F6541016
:10A40000C2F2004007A9FDF783F818B1FFE7F6F79D
:10A41000CFFFFFE7002203920120049005920692ED
:10A4200041F65410C2F2004003A9FDF70DFF18B128
:10A43000FFE7F6F7BDFFFFE741F65410C2F2004018
:10A4400003A90422FDF700FF18B1FFE7F6F7B0FFFC
:10A45000FFE741F65410C2F2004003A90822FDF7BD
:10A46000F3FE18B1FFE7F6F7A3FFFFE741F654103C
:10A47000C2F2004003A90C22FDF7E6FE18B1FFE787
:10A48000F6F796FFFFE70EB080BD00000000000069
:10A4900080B590B0002101910F910E910D910C911A
:10A4A0000B910A91099108910791069105910491E8
:10A4B0000391029141F6A010C2F200404FF0804299
:10A4C0000260EF22426081601A22C2600161802135
:10A4D0008161FDF7DDF818B1FFE7F6F769FFFFE7E7
:10A4E0004FF480500C9041F6A010C2F200400CA92D
:10A4F000FDF7AEFD18B1FFE7F6F75AFFFFE741F6AB
:10A50000A010C2F20040FEF7E3FC18B1FFE7F6F737
:10A510004FFFFFE7002009900B9041F6A010C2F218
:10A52000004009A9FCF7F4FF18B1FFE7F6F740FF78
:10A53000FFE7602002901120039002200490002089
:10A54000069041F6A010C2F2004002A90822FEF7D0
:10A55000E7FB18B1FFE7F6F72BFFFFE741F6A01086
:10A56000C2F20040FEF7A8FB10B080BD0000000062
:10A5700080B58CB0002100910B910A91099108914E
:10A58000079106910591049103910291019141F681
:10A59000EC10C2F2004040F20042C4F2000202603D
:10A5A000EF22426081604FF6FF72C26001618161FB
:10A5B000FDF76EF818B1FFE7F6F7FAFEFFE74FF484
:10A5C0008050089041F6EC10C2F2004008A9FDF757
:10A5D0003FFD18B1FFE7F6F7EBFEFFE741F6EC10A1
:10A5E000C2F20040FDF7C8FE18B1FFE7F6F7E0FE43
:10A5F000FFE700200590079041F6EC10C2F2004002
:10A6000005A9FCF785FF18B1FFE7F6F7D1FEFFE7D4
:10A6100000220192012002900392049241F6EC1074
:10A62000C2F2004001A9FDF70FFE18B1FFE7F6F7EF
:10A63000BFFEFFE741F6EC10C2F2004001A9042280
:10A64000FDF702FE18B1FFE7F6F7B2FEFFE741F6AD
:10A65000EC10C2F2004001A90822FDF7F5FD18B187
:10A66000FFE7F6F7A5FEFFE70CB080BD0000000095
:10A6700080B58CB0002100910B910A91099108914D
:10A68000079106910591049103910291019141F680
:10A690003820C2F2004040F60002C4F2000202601C
:10A6A000EF22426081604FF6FF72C26001618161FA
:10A6B000FCF7EEFF18B1FFE7F6F77AFEFFE74FF47D
:10A6C0008050089041F63820C2F2004008A9FDF7FA
:10A6D000BFFC18B1FFE7F6F76BFEFFE741F6382045
:10A6E000C2F20040FDF748FE18B1FFE7F6F760FE42
:10A6F000FFE700200590079041F63820C2F20040A5
:10A7000005A9FCF705FF18B1FFE7F6F751FEFFE7D3
:10A71000022001900120029000220392049241F64F
:10A720003820C2F2004001A9FDF78EFD18B1FFE705
:10A73000F6F73EFEFFE741F63820C2F2004001A9DD
:10A740000422FDF781FD18B1FFE7F6F731FEFFE7C0
:10A750000020019041F63820C2F2004001A90822F1
:10A76000FDF772FD18B1FFE7F6F722FEFFE70CB028
:10A7700080BD00000000000080B588B0002100917D
:10A78000079106910591049103910291019141F67F
:10A790008420C2F2004040F60042C4F2000202608F
:10A7A000EF22426081604FF0FF32C260016181613F
:10A7B000FCF76EFF18B1FFE7F6F7FAFDFFE74FF47D
:10A7C0008050049041F68420C2F2004004A9FDF7B5
:10A7D0003FFC18B1FFE7F6F7EBFDFFE70020019023
:10A7E000039041F68420C2F2004001A9FCF790FEDC
:10A7F00018B1FFE7F6F7DCFDFFE708B080BD000009
:10A8000080B58EB0002101910D910C910B910A91B0
:10A81000099108910791069105910491039141F6E0
:10A82000D020C2F20040029040F20042C4F2010285
:10A830000260EF22426081604FF6FF72C2600161E8
:10A8400041618161FCF724FF18B1FFE7F6F7B0FD25
:10A85000FFE74FF480500A9041F6D020C2F200404A
:10A860000AA9FDF7F5FB18B1FFE7F6F7A1FDFFE731
:10A8700041F6D020C2F20040FDF77EFD18B1FFE79F
:10A88000F6F796FDFFE7002007900890099041F643
:10A89000D020C2F2004007A9FCF73AFE18B1FFE74A
:10A8A000F6F786FDFFE7002203920120049005924F
:10A8B000069241F6D020C2F2004003A9FDF7C4FC85
:10A8C00018B1FFE7F6F774FDFFE741F6D020C2F2BA
:10A8D000004003A90422FDF7B7FC18B1FFE7F6F723
:10A8E00067FDFFE741F6D020C2F2004003A908222D
:10A8F000FDF7AAFC18B1FFE7F6F75AFDFFE741F6AE
:10A90000D020C2F2004003A90C22FDF79DFC18B133
:10A91000FFE7F6F74DFDFFE70EB080BD0000000039
:10A9200080B582B041F61C30C2F20040019044F282
:10A930000041C4F2000101604FF4E13141600021A7
:10A940008160C16001610C2242618161C16101626B
:10A950004162302181624FF48051C1634FF4005154
:10A960000164FFF7ADFA18B1FFE7F6F721FDFFE745
:10A9700041F61C30C2F200400021FEF73DFE18B146
:10A98000FFE7F6F715FDFFE741F61C30C2F2004085
:10A990000021FEF7E9FD18B1FFE7F6F709FDFFE733
:10A9A00041F61C30C2F20040FEF71AFD18B1FFE775
:10A9B000F6F7FEFCFFE702B080BD000000000000DB
:10A9C000FFE7FEE700000000FFE7FEE700000000F1
:10A9D00088B0079006910592079800F00700049050
:10A9E0000498C0F10700052803D3FFE70420019075
:10A9F00004E00498C0F107000190FFE7019803907C
:10AA000004980430062803D8FFE70020009003E0F4
:10AA1000049803380090FFE7009802900698039985
:10AA2000012202FA01F101390840029B9840059980
:10AA30009A40013A1140084308B0704700000000F6
:10AA4000704700000000000080B586B004900391BC
:10AA500000208DF8070044F22840C5F60200006887
:10AA600000F00300032804D1FFE701208DF8170050
:10AA7000CBE044F20041C5F60201086820F0806096
:10AA80000860F9F7B5FF0290FFE744F20040C5F611
:10AA90000200006800F000610020B0EBD16F0CD024
:10AAA000FFE7F9F7A5FF0299401A032804D3FFE74F
:10AAB00003208DF81700A8E0E7E7FFE744F22841FC
:10AAC000C5F60201086820F47C30049A126840EA56
:10AAD0000230086004994868D1F808C0CB680A6958
:10AAE00001386FF35F204FF60061CFF6FF7101EB85
:10AAF0004C2189B208440021CFF6FF7101EB0341DC
:10AB000001F4FE0108444FF07F4101EB026101F0C6
:10AB1000FE41084444F23841C5F602010860FFE7EF
:10AB200044F22C41C5F602010091086820F0C000F3
:10AB3000049A526910430860086820F02000049AC3
:10AB4000926910430860086820F01000086044F221
:10AB50003C42C5F6020210684FF6F8739843049B16
:10AB6000DB6940EAC3001060086840F0100008602C
:10AB7000039848B9FFE744F22C41C5F60201086882
:10AB800040F40020086016E00398012809D1FFE78F
:10AB900044F22C41C5F60201086840F480100860B8
:10ABA00008E044F22C41C5F60201086840F40010A8
:10ABB0000860FFE7FFE744F20041C5F602010868BC
:10ABC00040F080600860F9F713FF0290FFE744F25D
:10ABD0000040C5F60200006800F000610020B0EB04
:10ABE000D16F0CD1FFE7F9F703FF0299401A032850
:10ABF00004D3FFE703208DF8170006E0E7E7FFE73F
:10AC00009DF807008DF81700FFE79DF8170006B0C4
:10AC100080BD00000000000080B586B00490039164
:10AC200000208DF8070044F22840C5F602000068B5
:10AC300000F00300032804D1FFE701208DF817007E
:10AC4000CBE044F20041C5F60201086820F08050D4
:10AC50000860F9F7CDFE0290FFE744F20040C5F628
:10AC60000200006800F000510020B0EB517F0CD0D2
:10AC7000FFE7F9F7BDFE0299401A032804D3FFE766
:10AC800003208DF81700A8E0E7E7FFE744F228412A
:10AC9000C5F60201086820F07C70049A126840EA48
:10ACA0000250086004994868D1F808C0CB680A6966
:10ACB00001386FF35F204FF60061CFF6FF7101EBB3
:10ACC0004C2189B208440021CFF6FF7101EB03410A
:10ACD00001F4FE0108444FF07F4101EB026101F0F5
:10ACE000FE41084444F24041C5F602010860FFE716
:10ACF00044F22C41C5F602010091086820F440603E
:10AD0000049A526910430860086820F40070049A9D
:10AD1000926910430860086820F48070086044F26B
:10AD20004442C5F6020210684FF6F8739843049B3C
:10AD3000DB6940EAC3001060086840F48070086076
:10AD4000039848B9FFE744F22C41C5F602010868B0
:10AD500040F48000086016E00398012809D1FFE75D
:10AD600044F22C41C5F60201086840F40000086076
:10AD700008E044F22C41C5F60201086840F08070FA
:10AD80000860FFE7FFE744F20041C5F602010868EA
:10AD900040F080500860F9F72BFE0290FFE744F284
:10ADA0000040C5F60200006800F000510020B0EB42
:10ADB000517F0CD1FFE7F9F71BFE0299401A0328D7
:10ADC00004D3FFE703208DF8170006E0E7E7FFE76D
:10ADD0009DF807008DF81700FFE79DF8170006B0F3
:10ADE00080BD00000000000070470000000000006F
:10ADF00080B582B0009000980138B0F1807F03D315
:10AE0000FFE70120019019E0009801384EF214018B
:10AE1000CEF2000108604FF0FF300F2104F03CF843
:10AE20004EF21801CEF20001002008604EF210022E
:10AE3000CEF20002072111600190FFE7019802B0F5
:10AE400080BD00000000000080B5F9F7D9FD80BD8D
:10AE50008BB044F21040C5F60200006800F03800E4
:10AE600001460191182800F22B810199DFE811F0C9
:10AE7000190028012801280128012801280128019A
:10AE8000270028012801280128012801280128017C
:10AE90002D00280128012801280128012801280166
:10AEA000330044F20040C5F602000068C0F3C1015F
:10AEB00049F20000C0F2D030C84004900EE140F6E4
:10AEC0000010C0F23D00049008E147F64000C0F2D7
:10AED0007D10049002E144F22840C5F602000168AA
:10AEE00001F0030109910068C0F30510089044F2D5
:10AEF0002C40C5F60200006800F00100079007989A
:10AF000044F23441C5F60201096889B2C9084843D0
:10AF100000EE100AB8EE400A8DED030A08980028EA
:10AF200000F0CA80FFE70998009040B1FFE7009861
:10AF3000012835D0FFE70098022853D074E044F28E
:10AF40000040C5F602000068C0F3C10149F20000EC
:10AF5000C0F2D030C84006909DED060AB8EE400A17
:10AF60009DED081AB8EE411A80EE010A44F2304015
:10AF7000C5F6020000686FF35F2001EE100AB8EE1C
:10AF8000411A9DED032A9FED693A02EE031AB7EECE
:10AF9000002A31EE021A20EE010A8DED020A74E059
:10AFA0009DED080AB8EE401A9FED610A80EE010A95
:10AFB00044F23040C5F6020000686FF35F2001EEF6
:10AFC000100AB8EE411A9DED032A9FED583A02EEA1
:10AFD000031AB7EE002A31EE021A20EE010A8DEDB7
:10AFE000020A52E09DED080AB8EE401A9FED4E0AA3
:10AFF00080EE010A44F23040C5F6020000686FF3AB
:10B000005F2001EE100AB8EE411A9DED032A9FED74
:10B01000473A02EE031AB7EE002A31EE021A20EE8A
:10B02000010A8DED020A30E044F20040C5F602004C
:10B030000068C0F3C10149F20000C0F2D030C8403E
:10B0400006909DED060AB8EE400A9DED081AB8EE8E
:10B05000411A80EE010A44F23040C5F60200006851
:10B060006FF35F2001EE100AB8EE411A9DED032A3E
:10B070009FED2E3A02EE031AB7EE002A31EE021AC5
:10B0800020EE010A8DED020AFFE744F23040C5F6DA
:10B090000200006881B2012000EB51200A909DED72
:10B0A000020A9DED0A1AB8EE411A80EE010ABCEEC2
:10B0B000C00A8DED040A02E000200490FFE70DE0D5
:10B0C00044F20040C5F602000068C0F3C10149F235
:10B0D0000000C0F2D030C8400490FFE744F21842AC
:10B0E000C5F602021068C0F303204FF28411C0F6C7
:10B0F0000001085C0590059B0498D84004900498D2
:10B10000126802F00F02895C01F01F01C84040F292
:10B110000401C2F200410860049840F20001C2F24A
:10B12000004108600BB0704720BCBE4B00000039E6
:10B130000024744A000000004EF68851CEF200014F
:10B14000086840F47000086042F20000C5F2002078
:10B15000006800F00F0006280AD8FFE742F200015D
:10B16000C5F200210868072262F303000860FFE7C8
:10B1700044F20041C5F60201086840F00100086091
:10B1800044F21042C5F602020020106008684EF634
:10B190007F52CEF6F6221040086042F20000C5F25F
:10B1A0000020006800F00F0008280AD3FFE742F2F1
:10B1B0000001C5F200210868072262F3030008605D
:10B1C000FFE744F21841C5F602010020086044F28E
:10B1D0001C41C5F60201086044F22041C5F6020197
:10B1E000086044F22842C5F6020240F20021C0F293
:10B1F0000221116044F22C42C5F602020021C0F285
:10B20000FF11116044F23042C5F6020240F2802183
:10B21000C0F20111116044F23442C5F6020210601E
:10B2200044F23842C5F60202116044F23C42C5F6CF
:10B230000202106044F24042C5F60202116044F27C
:10B240004441C5F60201086044F20042C5F602021C
:10B25000116821F48021116044F26041C5F60201B9
:10B26000086044F2D440C5F602000068C00400281B
:10B2700014D4FFE744F2D441C5F60201086840F453
:10B280008050086044F20002C5F2002243F2D2006E
:10B290001060086820F480500860FFE770470000E5
:10B2A00080B541F68420C2F20040FDF7DDFB80BD91
:10B2B00080B541F6D020C2F20040FDF7D5FB80BD3D
:10B2C00083B00290019102980068009002980021DA
:10B2D000C4F20101884225D0FFE70298B0F1804F07
:10B2E00020D0FFE7029840F20041C4F200018842FA
:10B2F00018D0FFE7029840F60001C4F2000188422E
:10B3000010D0FFE7029840F60041C4F200018842E5
:10B3100008D0FFE7029840F20041C4F201018842E0
:10B320000AD1FFE7009820F0700000900198416872
:10B33000009808430090FFE702980021C4F2010141
:10B3400088424DD0FFE70298B0F1804F48D0FFE728
:10B35000029840F20041C4F20001884240D0FFE769
:10B36000029840F60001C4F20001884238D0FFE79D
:10B37000029840F60041C4F20001884230D0FFE755
:10B38000029840F20041C4F20101884228D0FFE750
:10B39000029844F20001C4F20101884220D0FFE784
:10B3A000029844F20041C4F20101884218D0FFE73C
:10B3B000029844F60001C4F20101884210D0FFE770
:10B3C00002984EF20001C4F20001884208D0FFE763
:10B3D00002984EF20041C4F2000188420AD1FFE710
:10B3E000009820F4407000900198C16800980843CC
:10B3F0000090FFE7009820F0800001994969084318
:10B400000090019880680299C862019800680299CA
:10B41000886202980021C4F20101884220D0FFE72F
:10B42000029840F20041C4F20101884218D0FFE7BF
:10B43000029844F20001C4F20101884210D0FFE7F3
:10B44000029844F20041C4F20101884208D0FFE7AB
:10B45000029844F60001C4F20101884205D1FFE7D9
:10B460000198006902990863FFE70299086840F0B3
:10B470000400086002990120486100980299086060
:10B4800003B070470000000084B003900291019265
:10B49000029800F01F01012088400090009A039953
:10B4A000086A904308620198029901F01F0100FAAE
:10B4B00001F20399086A1043086204B07047000063
:10B4C00080B582B001900198806B0090019800993E
:10B4D000496A884210D1FFE7009901200877019856
:10B4E000C06940B9FFE70099012081F83E0000994A
:10B4F00081F84400FFE745E001980099896A884295
:10B5000010D1FFE70099022008770198C06940B97F
:10B51000FFE70099012081F83F00009981F845007C
:10B52000FFE72EE001980099C96A884210D1FFE731
:10B530000099042008770198C06940B9FFE7009995
:10B54000012081F84000009981F84600FFE717E0EC
:10B5500001980099096B884210D1FFE700990820F3
:10B5600008770198C06940B9FFE70099012081F888
:10B570004100009981F84700FFE700E0FFE7FFE79F
:10B58000FFE7FFE70098FCF74FFE009900200877DF
:10B5900002B080BD0000000080B582B0019001982B
:10B5A000806B009001980099496A884204D1FFE7B6
:10B5B00000990120087721E001980099896A884262
:10B5C00004D1FFE700990220087716E0019800995E
:10B5D000C96A884204D1FFE70099042008770BE08C
:10B5E00001980099096B884204D1FFE7009908206F
:10B5F000087700E0FFE7FFE7FFE7FFE70098FCF7C9
:10B600001FFE00990020087702B080BD00000000F6
:10B6100080B582B001900198806B009001980099EC
:10B62000496A884207D1FFE700990120087700990D
:10B6300081F83E0031E001980099896A884208D17A
:10B64000FFE70099022008770099012081F83F0068
:10B6500022E001980099C96A884208D1FFE7009961
:10B66000042008770099012081F8400013E0019838
:10B670000099096B884208D1FFE7009908200877F4
:10B680000099012081F8410004E00099012081F82F
:10B690003D00FFE7FFE7FFE7FFE70098FCF7C0FD8D
:10B6A00000990020087702B080BD00000000000073
:10B6B00085B00490039102920193049880680090F1
:10B6C000009820F47F40009003980299019A41EA83
:10B6D0000221014300980843009000980499886073
:10B6E00005B070470000000083B0029001910298FD
:10B6F0008068009000984FF68F71CFF6CF710840A8
:10B70000009001980099084340F0070000900098CD
:10B710000299886003B0704785B004900391049843
:10B72000006A01900499086A20F0010008620498F8
:10B730004068009004988069029002984FF68F71DB
:10B74000CFF6FE7108400290029820F003000290AC
:10B7500003980168029808430290019820F00200C3
:10B760000190039881680198084301900498002192
:10B77000C4F20101884220D0FFE7049840F2004162
:10B78000C4F20101884218D0FFE7049844F2000196
:10B79000C4F20101884210D0FFE7049844F200414E
:10B7A000C4F20101884208D0FFE7049844F6000182
:10B7B000C4F2010188420ED1FFE7019820F0080091
:10B7C00001900398C168019808430190019820F006
:10B7D00004000190FFE704980021C4F201018842AF
:10B7E00020D0FFE7049840F20041C4F201018842F2
:10B7F00018D0FFE7049844F20001C4F20101884226
:10B8000010D0FFE7049844F20041C4F201018842DD
:10B8100008D0FFE7049844F60001C4F20101884211
:10B8200013D1FFE7009820F480700090009820F476
:10B8300000700090039841690098084300900398B5
:10B840008169009808430090FFE7009804994860D8
:10B8500002980499886103984068049948630198A4
:10B860000499086205B0704785B00490039104986C
:10B87000006A01900499086A20F010000862049898
:10B8800040680090049880690290029848F6FF7121
:10B89000CFF6FF6108400290029820F440700290B9
:10B8A00003980168029840EA01200290019820F074
:10B8B0002000019003988168019840EA01100190EE
:10B8C00004980021C4F20101884229D0FFE70498BE
:10B8D00040F20041C4F20101884221D0FFE7049800
:10B8E00044F20001C4F20101884203D1FFE70020C5
:10B8F000B0B9FFE7049844F20041C4F20101884264
:10B9000003D1FFE7002058B9FFE7049844F600018F
:10B91000C4F20101884212D1FFE7012078B9FFE7A4
:10B92000019820F0800001900398C168019840EAD6
:10B9300001100190019820F040000190FFE7049869
:10B940000021C4F20101884220D0FFE7049840F2B0
:10B950000041C4F20101884218D0FFE7049844F284
:10B960000001C4F20101884210D0FFE7049844F2BC
:10B970000041C4F20101884208D0FFE7049844F670
:10B980000001C4F20101884215D1FFE7009820F4BC
:10B9900080600090009820F4006000900398416956
:10B9A000009840EA8100009003988169009840EA7D
:10B9B00081000090FFE7009804994860029804997C
:10B9C0008861039840680499886301980499086223
:10B9D00005B070470000000085B004900391049802
:10B9E000006A01900499086A20F480700862049843
:10B9F000406800900498C069029002984FF68F71D9
:10BA0000CFF6FE7108400290029820F003000290E9
:10BA100003980168029808430290019820F400708E
:10BA2000019003988168019840EA012001900498F0
:10BA30000021C4F20101884229D0FFE7049840F2B6
:10BA40000041C4F20101884221D0FFE7049844F28A
:10BA50000001C4F20101884203D1FFE70020B0B920
:10BA6000FFE7049844F20041C4F20101884203D187
:10BA7000FFE7002058B9FFE7049844F60001C4F23C
:10BA80000101884212D1FFE7012078B9FFE7019850
:10BA900020F4006001900398C168019840EA0120F9
:10BAA0000190019820F480600190FFE70498002144
:10BAB000C4F20101884220D0FFE7049840F200411F
:10BAC000C4F20101884218D0FFE7049844F2000153
:10BAD000C4F20101884210D0FFE7049844F200410B
:10BAE000C4F20101884208D0FFE7049844F600013F
:10BAF000C4F20101884215D1FFE7009820F480507C
:10BB00000090009820F4005000900398416900983C
:10BB100040EA0110009003988169009840EA011002
:10BB20000090FFE700980499486002980499C86162
:10BB3000039840680499C86301980499086205B0A5
:10BB4000704700000000000085B004900391049845
:10BB5000006A01900499086A20F4805008620498F1
:10BB6000406800900498C0690290029848F6FF71FE
:10BB7000CFF6FF6108400290029820F440700290D6
:10BB800003980168029840EA01200290019820F48D
:10BB90000050019003988168019840EA01300190BB
:10BBA00004980021C4F20101884220D0FFE70498E4
:10BBB00040F20041C4F20101884218D0FFE7049826
:10BBC00044F20001C4F20101884210D0FFE704985A
:10BBD00044F20041C4F20101884208D0FFE7049812
:10BBE00044F60001C4F2010188420BD1FFE700983E
:10BBF00020F48040009003984169009840EA811049
:10BC00000090FFE700980499486002980499C86181
:10BC1000039840680499086401980499086205B083
:10BC2000704700000000000085B004900391049864
:10BC3000006A01900499086A20F480300862049830
:10BC4000406800900498406D029002984FF68F7102
:10BC5000CFF6FE71084002900398016802980843ED
:10BC60000290019820F400300190039881680198B7
:10BC700040EA0140019004980021C4F20101884289
:10BC800020D0FFE7049840F20041C4F2010188424D
:10BC900018D0FFE7049844F20001C4F20101884281
:10BCA00010D0FFE7049844F20041C4F20101884239
:10BCB00008D0FFE7049844F60001C4F2010188426D
:10BCC0000BD1FFE7009820F4803000900398416981
:10BCD000009840EA01200090FFE70098049948602E
:10BCE000029804994865039840680499886501980A
:10BCF0000499086205B0704785B0049003910498D8
:10BD0000006A01900499086A20F48010086204987F
:10BD1000406800900498406D0290029848F6FF71C8
:10BD2000CFF6FF610840029003980168029840EA4C
:10BD300001200290019820F400100190039881687E
:10BD4000019840EA0150019004980021C4F20101D9
:10BD5000884220D0FFE7049840F20041C4F201017C
:10BD6000884218D0FFE7049844F20001C4F20101B0
:10BD7000884210D0FFE7049844F20041C4F2010168
:10BD8000884208D0FFE7049844F60001C4F201019C
:10BD900088420BD1FFE7009820F4802000900398A0
:10BDA0004169009840EA81200090FFE700980499DB
:10BDB0004860029804994865039840680499C865EA
:10BDC00001980499086205B0704700000000000067
:10BDD00085B00490039102920498006A009004993F
:10BDE000086A20F0010008620498806901900198B7
:10BDF00020F0F00001900299019840EA01100190B2
:10BE0000009820F00A0000900399009808430090E1
:10BE100001980499886100980499086205B07047F8
:10BE200087B006900591049203930698006A0190EA
:10BE30000699086A20F0010008620698806902905D
:10BE4000069901200022C4F201029142009058D0CC
:10BE5000FFE706990120B1F1804F009051D0FFE734
:10BE60000699012040F20042C4F200029142009083
:10BE700047D0FFE70699012040F60002C4F2000215
:10BE8000914200903DD0FFE70699012040F6004224
:10BE9000C4F200029142009033D0FFE706990120DE
:10BEA00040F20042C4F201029142009029D0FFE723
:10BEB0000699012041F60002C4F20002914200906E
:10BEC0001FD0FFE70699012044F20002C4F20102EC
:10BED0009142009015D0FFE7069901204EF2000232
:10BEE000C4F20002914200900BD0FFE7069841F6A1
:10BEF0000041CBF6FF710844B0FA80F04009009091
:10BF0000FFE70098C00748B1FFE7029820F0030060
:10BF10000290049902980843029004E0029840F0CD
:10BF200001000290FFE7029820F0F00002900398D1
:10BF30000001C1B2029808430290019820F00A0063
:10BF40000190059800F00A010198084301900298B9
:10BF50000699886101980699086207B07047000049
:10BF600085B00490039102920498006A00900499AD
:10BF7000086A20F010000862049880690190019816
:10BF800020F4704001900299019840EA013001903C
:10BF9000009820F0A00000900399009840EA01105A
:10BFA000009001980499886100980499086205B08E
:10BFB000704700000000000086B0059004910392D5
:10BFC00002930598006A00900599086A20F0100015
:10BFD0000862059880690190019820F440700190F2
:10BFE0000399019840EA01200190019820F47040E3
:10BFF00001900298000381B20198084301900098D3
:10C0000020F0A0000090049800F00A01009840EA97
:10C0100001100090019805998861009805990862BF
:10C0200006B070470000000086B0059004910392AE
:10C0300002930598006A00900599086A20F48070C0
:10C0400008620598C0690190019820F003000190F2
:10C050000399019808430190019820F0F0000190A5
:10C0600002980001C1B2019808430190009820F4A1
:10C0700020600090049800F00A01009840EA012036
:10C08000009001980599C86100980599086206B06A
:10C09000704700000000000086B0059004910392F4
:10C0A00002930598006A00900599086A20F4805070
:10C0B00008620598C0690190019820F440700190D1
:10C0C0000399019840EA01200190019820F4704002
:10C0D00001900298000381B20198084301900098F2
:10C0E00020F420400090049800F00A01009840EAF3
:10C0F0000130009001980599C8610098059908627F
:10C1000006B070470000000082B001900198406EB8
:10C1100040B9FFE701990120A1F86A000199A1F84F
:10C12000680032E010208DF803008DF802000198BD
:10C1300000688068C0F342608DF8010001980068D3
:10C140008068400F8DF800009DF802009DF80020E7
:10C150004FF2A413C0F60003995C48434FF29C11C0
:10C16000C0F600018A5CB0FBF2F0019AA2F86A0006
:10C170009DF803009DF801209B5C5843895CB0FB4F
:10C18000F1F00199A1F86800FFE702B070470000E4
:10C1900081B00090009890F82800000700280BD587
:10C1A000FFE700980068406820F40040009A11689A
:10C1B000926B10434860FFE7009890F82800C00792
:10C1C00058B1FFE700980068406820F40030009AFA
:10C1D0001168D26A10434860FFE7009890F8280081
:10C1E000800700280BD5FFE700980068406820F41E
:10C1F0008030009A1168126B10434860FFE7009886
:10C2000090F82800400700280BD5FFE70098006849
:10C21000406820F48020009A1168526B10434860F7
:10C22000FFE7009890F82800C00600280BD5FFE72C
:10C2300000980068806820F48050009A1168D26BE2
:10C2400010438860FFE7009890F8280080060028D7
:10C250000BD5FFE700980068806820F40050009A32
:10C260001168126C10438860FFE7009890F828006E
:10C27000400600281CD5FFE700980068406820F4BD
:10C280008010009A1168526C104348600098406C0E
:10C29000B0F5801F0BD1FFE700980068406820F4DC
:10C2A000C000009A1168926C10434860FFE7FFE7F6
:10C2B000009890F82800000600280BD5FFE70098AA
:10C2C0000068406820F40020009A1168D26C104386
:10C2D0004860FFE701B0704780B588B006900699C6
:10C2E0000020C1F89000F8F783FB059006980068DD
:10C2F0000068000700282FD5FFE70698059B6A46CF
:10C300006FF07E4111604FF40011002200F0D4FF65
:10C3100008B3FFE7FFE7FFE70698006850E8000F63
:10C3200020F080000490FFE704990698026842E834
:10C3300000100028F0D1FFE7FFE706992020C1F8A0
:10C340008800FFE70699002081F88400FFE70320BA
:10C350008DF81F005FE0FFE706980068006840075F
:10C36000002842D5FFE70698059B6A466FF07E419C
:10C3700011604FF48001002200F09EFFA0B3FFE7A0
:10C38000FFE7FFE70698006850E8000F20F4907080
:10C390000390FFE703990698026842E8001000281E
:10C3A000F0D1FFE7FFE7FFE7FFE70698006850E8F6
:10C3B000020F20F001000290FFE702990698026840
:10C3C00042E802100028F0D1FFE7FFE7069920209D
:10C3D000C1F88C00FFE70699002081F88400FFE790
:10C3E00003208DF81F0016E0FFE706992020C1F812
:10C3F00088000699C1F88C0006990020C866069945
:10C400000867FFE70699002081F88400FFE7002015
:10C410008DF81F00FFE79DF81F0008B080BD0000E9
:10C4200080B582B001900198806B00900099002047
:10C43000A1F85E000098FDF7BFF902B080BD0000D2
:10C4400080B584B003900398806B02900298D0F876
:10C45000880001900298D0F88C0000900298006843
:10C460008068000600280CD5FFE70198212808D134
:10C47000FFE702990020A1F85600029800F02CF97D
:10C48000FFE7029800688068400600280CD5FFE7A7
:10C490000098222808D1FFE702990020A1F85E0049
:10C4A000029800F0A5F8FFE70299D1F8900040F05B
:10C4B0001000C1F890000298FDF77EF904B080BD2D
:10C4C00080B586B005900598806B04900598C0698A
:10C4D000B0F5807F5BD0FFE704990020A1F85E00F3
:10C4E000FFE7FFE70498006850E8000F20F4807031
:10C4F0000390FFE703990498026842E800100028BF
:10C50000F0D1FFE7FFE7FFE7FFE70498006850E896
:10C51000020F20F001000290FFE7029904980268E0
:10C5200042E802100028F0D1FFE7FFE7FFE7FFE74E
:10C530000498006850E8020F20F040000190FFE7E7
:10C5400001990498026842E802100028F0D1FFE740
:10C55000FFE704992020C1F88C000498C06E0128E0
:10C5600014D1FFE7FFE7FFE70498006850E8000FE9
:10C5700020F010000090FFE700990498026842E85C
:10C5800000100028F0D1FFE7FFE7FFE7FFE704997D
:10C59000002008670498C06E012806D1FFE70498C0
:10C5A000B0F85C10FCF7B4FF03E00498FDF798FDC9
:10C5B000FFE706B080BD000080B582B00190019811
:10C5C000806B00900099012008670098C06E0128D8
:10C5D00007D1FFE70098B0F85C104908FCF798FF16
:10C5E00003E00098FDF780FDFFE702B080BD00008A
:10C5F00084B00390FFE7FFE70398006850E8000F5E
:10C6000020F490700290FFE702990398026842E8D4
:10C6100000100028F0D1FFE7FFE7FFE7FFE70398EE
:10C62000006850E8020F4FF6FE71CEF6FF71084029
:10C630000190FFE701990398026842E80210002880
:10C64000EDD1FFE7FFE70398C06E012814D1FFE7A3
:10C65000FFE7FFE70398006850E8000F20F01000A4
:10C660000090FFE700990398026842E80010002854
:10C67000F0D1FFE7FFE7FFE703992020C1F88C0026
:10C6800003990020C8660399486704B0704700000A
:10C6900080B582B00190FFE7FFE70198006850E89D
:10C6A000000F20F040000090FFE700990198026819
:10C6B00042E800100028F0D1FFE7FFE701992020B1
:10C6C000C1F888000199002088670198FDF710FDE6
:10C6D00002B080BD0000000083B00290FFE7FFE7DA
:10C6E0000298006850E8000F20F0C0000190FFE7BA
:10C6F00001990298026842E800100028F0D1FFE793
:10C70000FFE7FFE7FFE70298006850E8020F20F418
:10C7100000000090FFE700990298026842E80210CA
:10C720000028F0D1FFE7FFE702992020C1F8880038
:10C7300003B070470000000080B59EB01D9000203F
:10C740008DF867001D98006840F60041C5F60001AD
:10C75000884201D1FFE700E0FFE71D9988680B6977
:10C760004A69C9691843104308431C901D98006822
:10C77000006846F6F311CCF6FF7108401C99084397
:10C780001D99096808601D980068406820F44050B1
:10C790001D9A1168D268104348601D9880691C90EA
:10C7A0001D98006840F60041C5F60001884206D099
:10C7B000FFE71D98016A1C9808431C90FFE71D982D
:10C7C000006880684FF2FF41C1F2FF1108401C99D8
:10C7D00008431D99096888601D980068C06A20F0A8
:10C7E0000F001D9A1168526A1043C862FFE71D9836
:10C7F000006841F20001C4F20101884240F041802A
:10C80000FFE744F25440C5F60200006800F038002B
:10C810000146109128282FD81099DFE801F0152D36
:10C820002D2D2D2D2D2D192D2D2D2D2D2D2D1D2D5C
:10C830002D2D2D2D2D2D212D2D2D2D2D2D2D252D3C
:10C840002D2D2D2D2D2D290001208DF86D0017E0A7
:10C8500004208DF86D0013E008208DF86D000FE0C6
:10C8600010208DF86D000BE020208DF86D0007E0A2
:10C8700040208DF86D0003E080208DF86D00FFE70B
:10C880006CE21D98006844F20041C4F20001884245
:10C890002ED1FFE744F25440C5F60200006800F0D4
:10C8A000070001460F9105281DD80F99DFE801F018
:10C8B00003070B0F131700208DF86D0017E00420FD
:10C8C0008DF86D0013E008208DF86D000FE010204A
:10C8D0008DF86D000BE020208DF86D0007E0402002
:10C8E0008DF86D0003E080208DF86D00FFE734E2E5
:10C8F0001D98006844F60001C4F2000188422ED160
:10C90000FFE744F25440C5F60200006800F007005B
:10C9100001460E9105281DD80E99DFE801F00307A6
:10C920000B0F131700208DF86D0017E004208DF811
:10C930006D0013E008208DF86D000FE010208DF8D9
:10C940006D000BE020208DF86D0007E040208DF891
:10C950006D0003E080208DF86D00FFE7FCE11D987D
:10C96000006844F60041C4F2000188422ED1FFE77E
:10C9700044F25440C5F60200006800F0070001468A
:10C980000D9105281DD80D99DFE801F003070B0F65
:10C99000131700208DF86D0017E004208DF86D004E
:10C9A00013E008208DF86D000FE010208DF86D0069
:10C9B0000BE020208DF86D0007E040208DF86D0021
:10C9C00003E080208DF86D00FFE7C4E11D9800684A
:10C9D00045F20001C4F2000188422ED1FFE744F283
:10C9E0005440C5F60200006800F0070001460C91B3
:10C9F00005281DD80C99DFE801F003070B0F13176A
:10CA000000208DF86D0017E004208DF86D0013E014
:10CA100008208DF86D000FE010208DF86D000BE000
:10CA200020208DF86D0007E040208DF86D0003E0B8
:10CA300080208DF86D00FFE78CE11D98006841F2C1
:10CA40000041C4F20101884240F04180FFE744F216
:10CA50005440C5F60200006800F0380001460B9112
:10CA600028282FD80B99DFE801F0152D2D2D2D2D1D
:10CA70002D2D192D2D2D2D2D2D2D1D2D2D2D2D2D0A
:10CA80002D2D212D2D2D2D2D2D2D252D2D2D2D2DEA
:10CA90002D2D290001208DF86D0017E004208DF860
:10CAA0006D0013E008208DF86D000FE010208DF868
:10CAB0006D000BE020208DF86D0007E040208DF820
:10CAC0006D0003E080208DF86D00FFE741E11D98C7
:10CAD000006847F60001C4F2000188422ED1FFE74A
:10CAE00044F25440C5F60200006800F00700014619
:10CAF0000A9105281DD80A99DFE801F003070B0FFA
:10CB0000131700208DF86D0017E004208DF86D00DC
:10CB100013E008208DF86D000FE010208DF86D00F7
:10CB20000BE020208DF86D0007E040208DF86D00AF
:10CB300003E080208DF86D00FFE709E11D98006893
:10CB400047F60041C4F2000188422ED1FFE744F2CB
:10CB50005440C5F60200006800F007000146099144
:10CB600005281DD80999DFE801F003070B0F1317FB
:10CB700000208DF86D0017E004208DF86D0013E0A3
:10CB800008208DF86D000FE010208DF86D000BE08F
:10CB900020208DF86D0007E040208DF86D0003E047
:10CBA00080208DF86D00FFE7D1E01D98006841F608
:10CBB0000001C4F20101884240F04180FFE744F2E5
:10CBC0005440C5F60200006800F0380001460891A4
:10CBD00028282FD80899DFE801F0152D2D2D2D2DAF
:10CBE0002D2D192D2D2D2D2D2D2D1D2D2D2D2D2D99
:10CBF0002D2D212D2D2D2D2D2D2D252D2D2D2D2D79
:10CC00002D2D290001208DF86D0017E004208DF8EE
:10CC10006D0013E008208DF86D000FE010208DF8F6
:10CC20006D000BE020208DF86D0007E040208DF8AE
:10CC30006D0003E080208DF86D00FFE786E01D9811
:10CC4000006841F60041C4F20101884240F0418091
:10CC5000FFE744F25440C5F60200006800F03800D7
:10CC60000146079128282FD80799DFE801F0152DF4
:10CC70002D2D2D2D2D2D192D2D2D2D2D2D2D1D2D08
:10CC80002D2D2D2D2D2D212D2D2D2D2D2D2D252DE8
:10CC90002D2D2D2D2D2D290001208DF86D0017E053
:10CCA00004208DF86D0013E008208DF86D000FE072
:10CCB00010208DF86D000BE020208DF86D0007E04E
:10CCC00040208DF86D0003E080208DF86D00FFE7B7
:10CCD0003BE01D98006840F60041C5F6000188421F
:10CCE0002ED1FFE744F25840C5F60200006800F07C
:10CCF00007000146069105281DD80699DFE801F0D6
:10CD000003070B0F131702208DF86D0017E00420A6
:10CD10008DF86D0013E008208DF86D000FE01020F5
:10CD20008DF86D000BE020208DF86D0007E04020AD
:10CD30008DF86D0003E080208DF86D00FFE703E0C3
:10CD400080208DF86D00FFE7FFE7FFE7FFE7FFE7D3
:10CD5000FFE7FFE7FFE7FFE7FFE7FFE7FFE71D98D4
:10CD6000006840F60041C5F60001884240F0B480FA
:10CD7000FFE79DF86D0001460591022814D0FFE7FA
:10CD80000598042814D0FFE70598082816D0FFE777
:10CD90000598102818D0FFE70598202835D0FFE720
:10CDA0000598402837D03AE0F7F7CAFF11903CE0E9
:10CDB00015A8F7F7D9FF1698119036E012A8F8F7E2
:10CDC0001FF91398119030E044F20040C5F60200BC
:10CDD000006800F020010020B0EB511F0ED0FFE7EB
:10CDE00044F20040C5F602000068C0F3C10149F2F8
:10CDF0000000C0F2D030C840119005E049F20000B8
:10CE0000C0F2D0301190FFE70FE040F60010C0F202
:10CE10003D00119009E04FF40040119005E0002022
:10CE2000119001208DF86700FFE71198002852D07B
:10CE3000FFE711981D994A6A4FF2AC11C0F6000144
:10CE400031F81210B0FBF1F0189018981D9949684C
:10CE500001EB4101884207D3FFE718981D99496803
:10CE6000B0EB013F04D9FFE701208DF8670031E006
:10CE700011981D994A6803924A6A4FF2AC11C0F6A4
:10CE8000000131F81220002304931946F3F7AAFA9F
:10CE9000039A049B090241EA1061000210EB520060
:10CEA00041F10001F3F79EFA1A901A98B0F5407F0D
:10CEB0000BD3FFE71A990020B0EB115F05D1FFE714
:10CEC0001A981D990968C86003E001208DF8670071
:10CED000FFE7FFE7FFE746E11D98C069B0F5004FA7
:10CEE00040F0A880FFE79DF86D00014602914028C0
:10CEF00000F263800299DFE801F02125606029607B
:10CF000060602F606060606060603560606060607D
:10CF1000606060606060606060605660606060601B
:10CF20006060606060606060606060606060606001
:10CF3000606060606060606060605C00F9F71CFCCD
:10CF4000119040E0F9F72CFC11903CE015A8F7F7A0
:10CF50000BFF1698119036E012A8F8F751F81398C5
:10CF6000119030E044F20040C5F60200006800F085
:10CF700020010020B0EB511F0ED0FFE744F200402B
:10CF8000C5F602000068C0F3C10149F20000C0F21A
:10CF9000D030C840119005E049F20000C0F2D03016
:10CFA0001190FFE70FE040F60010C0F23D00119035
:10CFB00009E04FF40040119005E00020119001209D
:10CFC0008DF86700FFE7119898B3FFE711981D9A55
:10CFD0005168536A4FF2AC12C0F6000232F81320C7
:10CFE000B0FBF2F0400000EB5100B0FBF1F01A9002
:10CFF0001A98102818D3FFE7BDF86A00A0B9FFE718
:10D000001A9820F00F00ADF86E001A9800F00E018B
:10D01000BDF86E0040EA5100ADF86E00BDF86E003C
:10D020001D990968C86003E001208DF86700FFE7DB
:10D03000FFE797E09DF86D0001460191402800F25E
:10D0400063800199DFE801F021256060296060605C
:10D050002F6060606060606035606060606060602C
:10D0600060606060606060605660606060606060CA
:10D0700060606060606060606060606060606060B0
:10D0800060606060606060605C00F9F775FB119043
:10D0900040E0F9F785FB11903CE015A8F7F764FE36
:10D0A0001698119036E012A8F7F7AAFF139811907E
:10D0B00030E044F20040C5F60200006800F02001B4
:10D0C0000020B0EB511F0ED0FFE744F20040C5F640
:10D0D00002000068C0F3C10149F20000C0F2D03084
:10D0E000C840119005E049F20000C0F2D030119024
:10D0F000FFE70FE040F60010C0F23D00119009E09C
:10D100004FF40040119005E00020119001208DF8AF
:10D110006700FFE7119820B3FFE711981D9A516847
:10D12000536A4FF2AC12C0F6000232F81320B0FB83
:10D13000F2F000EB5100B0FBF1F01A901A981028B1
:10D140000AD3FFE7BDF86A0030B9FFE7BDF8680011
:10D150001D990968C86003E001208DF86700FFE7AA
:10D16000FFE7FFE7FFE71D990120A1F86A001D997D
:10D17000A1F868001D99002048671D9988679DF8EF
:10D1800067001EB080BD000080B588B00690059194
:10D19000ADF81220059806998865BDF81200069929
:10D1A000A1F85C0006990020C1F8900006992220A1
:10D1B000C1F88C000698D0F88000B0B3FFE706985D
:10D1C000D0F880104CF2C140C0F60000C863069849
:10D1D000D0F880104CF2B950C0F6000008640698F0
:10D1E000D0F880104CF24140C0F60000C8640698A8
:10D1F000D0F880100020086506980168826DD0F88C
:10D2000080002431BDF81230F6F79AFE60B1FFE7D6
:10D2100006991020C1F8900006992020C1F88C00D2
:10D2200001208DF81F0042E0FFE706980069A0B1D9
:10D23000FFE7FFE7FFE70698006850E8000F40F4BB
:10D2400080700390FFE703990698026842E8001097
:10D250000028F0D1FFE7FFE7FFE7FFE7FFE70698C9
:10D26000006850E8020F40F001000290FFE70299C9
:10D270000698026842E802100028F0D1FFE7FFE7B5
:10D28000FFE7FFE70698006850E8020F40F0400013
:10D290000190FFE701990698026842E80210002811
:10D2A000F0D1FFE7FFE700208DF81F00FFE79DF8B2
:10D2B0001F0008B080BD000080B586B0DDF820C03A
:10D2C000049003918DF80B200193FFE70498006808
:10D2D000C06903990840401AB0FA80F040099DF8EF
:10D2E0000B10884266D1FFE708980130002860D013
:10D2F000FFE7F7F77DFB0199401A0899884203D8A8
:10D30000FFE7089820B9FFE703208DF8170055E0E4
:10D310000498006800684007002849D5FFE7039893
:10D32000802845D0FFE70398402841D0FFE70498C4
:10D330000068C06900F008010120B0EBD10F16D1E0
:10D34000FFE7049801680820009008620498FFF73E
:10D350004FF900980499C1F89000FFE70499002064
:10D3600081F88400FFE701208DF8170026E004987B
:10D370000068C06900F400610120B0EBD12F16D124
:10D38000FFE7049801684FF4006008620498FFF713
:10D390002FF904992020C1F89000FFE7049900209C
:10D3A00081F88400FFE703208DF8170006E0FFE70F
:10D3B000FFE78BE700208DF81700FFE79DF81700C7
:10D3C00006B080BD0000000080B541F61C30C2F2FE
:10D3D0000040FCF7F5F980BDFFE7FEE70000000024
:10D3E00080B501F09DFD01F0A7FD80BD00000000AB
:10D3F00080B59EB00BA84C21F3F7FFF800200190F8
:10D400000A90099008900790069005900490039068
:10D410000220F7F741FCFFE70020029044F61800D5
:10D42000C5F60200016821F440410160006800F483
:10D43000404002900298FFE7FFE744F61800C5F667
:10D440000200006800F40050B0F5005F01D0FFE773
:10D45000F3E701210B914FF480300C9002201490DF
:10D4600015900522169260221792189119901A9021
:10D4700008201B9000201C901D900BA8F9F724FB9E
:10D4800018B1FFE7F3F794FFFFE73F200390032174
:10D4900004910020059008200690402007900890F5
:10D4A0004FF4806209920A9003A8F8F7EDFE18B1D4
:10D4B000FFE7F3F77DFFFFE71EB080BD000000002F
:10D4C00080B586B0002001900590049003900290F2
:10D4D000F7F76AFB019801218DF808108DF8090013
:10D4E00003901F228DF8102087228DF811208DF8CF
:10D4F00012008DF813008DF814108DF815108DF8AA
:10D5000016008DF8170002A8F7F70EFB0420F7F7B6
:10D510005FFB06B080BD000080B588B0DDF828C094
:10D5200006900591ADF81220039306980090BDF87F
:10D530001200072803DCFFE70020079062E00020CC
:10D54000ADF80A00FFE7BDF80A00BDF8121008396F
:10D55000884254DCFFE70598BDF80A10405CFC28BF
:10D5600046D1FFE70599BDF80A0008444078FB283A
:10D570003ED1FFE70599BDF80A0008448079FD28EF
:10D5800035D1FFE70599BDF80A000844C079FE28A7
:10D590002DD1FFE70098039A059BBDF80A101944A6
:10D5A0000B79937049881180059ABDF80A101144CF
:10D5B00049798DF809109DF80910C1F380110A9A74
:10D5C00011709DF8091001F03F018DF808100399C2
:10D5D00000F06AF88DF807009DF808009DF8071024
:10D5E000884203D1FFE7012007900BE0FFE7FFE748
:10D5F000FFE7BDF80A000130ADF80A00A3E70020FC
:10D600000790FFE7079808B080BD00000000000009
:10D6100080B540F27000C2F200400078BFF35F8F27
:10D62000C007A8B9FFE740F27000C2F2004001F065
:10D6300080FD68B1FFE740F28C00C2F2004000F0CC
:10D640004BF940F27000C2F2004001F088FDFFE7A4
:10D6500040F28C00C2F2004080BD000000000000DB
:10D6600080B584B003900291ADF806200398009035
:10D67000BDF80600012813DBFFE7BDF806001E28F1
:10D680000EDCFFE700980299BDF80620F2F74EFF86
:10D690000099BDF80600C883012081F82100FFE74A
:10D6A00004B080BD0000000083B002900191019998
:10D6B00008784A78897810440844ADF80200BDF82B
:10D6C00002004043C0438DF801009DF8010000F0C6
:10D6D0003F0003B07047000080B586B0059004910C
:10D6E0000392059801900499416203998162002197
:10D6F00080F82C1080F820108DF80A10ADF8081072
:10D70000406A30B1FFE70199486A1E22FBF7A8FE84
:10D71000FFE706B080BD000080B588B0079007988D
:10D72000049090F82100002800F0D280FFE70499CF
:10D73000002081F82100CA8B6B4606A818600DF105
:10D7400019030846FFF7E8FE002800F0B180FFE764
:10D750009DF819100020039069B9FFE79DF81A1091
:10D760000020039039B9FFE79DF81B00B0FA80F064
:10D7700040090390FFE7039800F001008DF81700BF
:10D780009DF819100020FF2902900FD1FFE79DF8A6
:10D790001A100020FF29029008D1FFE79DF81B0016
:10D7A000FF38B0FA80F040090290FFE7029800F0DD
:10D7B00001008DF816009DF81600012812D1FFE730
:10D7C0000498806A68B1FFE7049841F6C032C2F25B
:10D7D0000042116801311160816A022081F85A0FFC
:10D7E000FFE764E0049890F82C0000285ED1FFE782
:10D7F0009DF81700002859D1FFE7049800F1340183
:10D800000DF119000322F2F765FE0499B0FA80F0D9
:10D8100040098DF815009DF8180091F83710401A4E
:10D82000B0FA80F040098DF8140041F6C431C2F21C
:10D8300000410868013008609DF8150040B1FFE71D
:10D840009DF8150028B3FFE79DF8140008BBFFE71B
:10D850000498806AE0B1FFE70498826A9DF81B1083
:10D8600082F8561FBDF81910A2F8541F9DF8181021
:10D87000826A41F29403D154816A002081F85A0FE0
:10D8800041F6C831C2F20041086801300860FFE784
:10D89000FFE704999DF81B0081F83600BDF81900D8
:10D8A00088869DF8180081F83700FFE7FFE7FFE75B
:10D8B0000498406A58B1FFE70499486A1E22FBF7B2
:10D8C000CFFD0498406A016810200862FFE7FFE777
:10D8D00008B080BD0000000081B0009000980021D9
:10D8E0004162816280F82C1080F8201080F82110AD
:10D8F0000163816380F8371080F83610818601B0AB
:10D90000704700000000000080B588B007908DF8D7
:10D910001B10079805909DF81B00F0B1FFE70598D4
:10D9200041F298010391405808210491FBF72CFB28
:10D930004FF40C7001F00CFB039A04990598805881
:10D94000FBF776FC4FF4D26001F002FB059991F8E9
:10D95000500F043081F8500F1DE0059841F29801F6
:10D960000091405808210191FBF70EFB4FF40C7019
:10D97000029001F0EDFA009A019905988058FBF7A2
:10D9800057FC029801F0E4FA059991F8500F023023
:10D9900081F8500FFFE708B080BD000000000000D4
:10D9A00080B584B003908DF80B100398019000208F
:10D9B0008DF80A00FFE79DF80A00072815DCFFE74D
:10D9C00001989DF80B109DF80A20D14001F001014B
:10D9D0008DF809109DF80910FFF796FFFFE79DF8F5
:10D9E0000A0001308DF80A00E5E704B080BD0000B0
:10D9F00080B584B003900398019041F298010091A2
:10DA0000405808210291FBF7BFFA42F2283001F09A
:10DA10009FFA009A019802998058FBF709FC41F29D
:10DA2000941001F095FA04B080BD000000000000E1
:10DA300082B001900198009041F2AC01405C30B995
:10DA4000FFE7009941F2AD02002088540DE00098F4
:10DA500041F2AC01405C012806D1FFE7009941F298
:10DA6000AD0201208854FFE7FFE7009841F2AD01C5
:10DA7000405C02B07047000080B586B0059004910C
:10DA80000598009001F0F8F801F06AF90246009854
:10DA900001920A4601990392029141F2E401405C2D
:10DAA00050B1FFE7009904984FF4875289580068F5
:10DAB000884201D1FFE746E0009904984FF487526D
:10DAC00089580068884237D0FFE7009841F2DF01AB
:10DAD000405C09281FDCFFE7009941F2DE02885C08
:10DAE00001EB80030498006841F2B50C43F80C0088
:10DAF000885C013049F69A13C1F69913A0FB03C361
:10DB000003EB8303A0EB4300885441F2DF02885CFF
:10DB100001308854FFE701F0AFF801F021F90A461F
:10DB2000009941F288030B44C3E90002049800689D
:10DB30004FF487528850FFE7FFE7009941F2E40273
:10DB400001208854FFE706B080BD000000000000FF
:10DB500080B586B0059004910392029304980399CE
:10DB6000FAF7AAFE049801686FF0010008610398B3
:10DB700001900C2821D80199DFE801F0071F1F1F31
:10DB80000D1F1F1F131F1F1F1900049801686FF03E
:10DB90000200086112E0049801686FF00400086157
:10DBA0000CE0049801686FF00800086106E0049832
:10DBB00001686FF01000086100E0FFE70498016859
:10DBC0000020486204980399029A4623FAF72CFC35
:10DBD00006B080BD0000000080B58AB009900891B1
:10DBE0008DF81F20099801900021ADF81C10ADF8A8
:10DBF0001A10ADF81810FFF71BFF002840F0BD8089
:10DC0000FFE70020ADF81600ADF81400FFE7BDF8FF
:10DC10001400442800F3B080FFE70899BDF81420F1
:10DC200001EB8200406851F8221088420ED3FFE7D2
:10DC30000199089ABDF8143002EB8300406852F84D
:10DC40002320801A41F27C0288520FE00199089A41
:10DC5000BDF8143002EB8300406852F82320801A8C
:10DC600000F5803041F27C028852FFE7019841F2D2
:10DC70007C01405A42F22931884204DBFFE701204F
:10DC8000ADF81A00FFE7BDF81A0001286DD1FFE7D3
:10DC9000019841F27C01425ABDF8183000EB430371
:10DCA000A3F8EE2F405AB0F5FA6F25DDFFE7019893
:10DCB00041F27C01405A40F6C31188421CDCFFE768
:10DCC000BDF8160001280CD1FFE7019941F27A0254
:10DCD000885A0B18012083F8610F885A0130885246
:10DCE000FFE7019841F27A01405A20B9FFE701208D
:10DCF000ADF81600FFE732E0019841F27C01405A8E
:10DD0000B0F5487F2ADDFFE7019841F27C01405AD7
:10DD100040F2DB51884221DCFFE7019841F27A01B1
:10DD2000405A40B9FFE7BDF8160020B9FFE70120CF
:10DD3000ADF81C0020E0BDF8160001280CD1FFE76B
:10DD4000019941F27A02885A0B18002083F8610F7A
:10DD5000885A01308852FFE7FFE7FFE7FFE7BDF889
:10DD600018000130ADF81800FFE7FFE7BDF8140018
:10DD70000130ADF814004AE7C3E00198FFF758FE00
:10DD8000012840F0BD80FFE70020ADF81200ADF89B
:10DD90001000FFE7BDF81000442800F3B080FFE753
:10DDA0000899BDF8102001EB8200406851F822105C
:10DDB00088420ED3FFE70199089ABDF8103002EBB4
:10DDC0008300406852F82320801A41F27C02885276
:10DDD0000FE00199089ABDF8103002EB830040680B
:10DDE00052F82320801A00F5803041F27C028852DC
:10DDF000FFE7019841F27C01405A42F22931884202
:10DE000004DBFFE70120ADF81A00FFE7BDF81A00B8
:10DE100001286DD1FFE7019841F27C01425ABDF81B
:10DE2000183000EB4303A3F8EE2F405AB0F5FA6F19
:10DE30002ADDFFE7019841F27C01405A40F6C31108
:10DE4000884221DCFFE7019841F27A01405A40B94B
:10DE5000FFE7BDF8120020B9FFE70120ADF81C0074
:10DE60004DE0BDF8120001280CD1FFE7019941F205
:10DE70007A02885A0B18012083F8610F885A013002
:10DE80008852FFE7FFE72DE0019841F27C01405AFC
:10DE9000B0F5487F25DDFFE7019841F27C01405A4B
:10DEA00040F2DB5188421CDCFFE7BDF8120001287C
:10DEB0000CD1FFE7019941F27A02885A0B18002031
:10DEC00083F8610F885A01308852FFE7019841F2C8
:10DED0007A01405A20B9FFE70120ADF81200FFE7B0
:10DEE000FFE7FFE7BDF818000130ADF81800FFE7C5
:10DEF000FFE7BDF810000130ADF810004AE7FFE77A
:10DF0000FFE7BDF81C00002840F0EB80FFE7002091
:10DF10008DF80F008DF80E00FFE79DF80E00072822
:10DF200000F3DE80FFE7019900208DF80D0001F677
:10DF3000617000909DF80E2010F832309DF80D2091
:10DF40001A438DF80D209DF80E2000EBC202537885
:10DF50009DF80D2042EA43028DF80D209DF80E2019
:10DF600000EBC20293789DF80D2042EA83028DF8FF
:10DF70000D209DF80E2000EBC202D3789DF80D20F5
:10DF800042EAC3028DF80D209DF80E2000EBC2027C
:10DF900013799DF80D2042EA03128DF80D209DF8AB
:10DFA0000E2000EBC20253799DF80D2042EA431285
:10DFB0008DF80D209DF80E2000EBC20293799DF89C
:10DFC0000D2042EA83128DF80D209DF80E2000EB03
:10DFD000C200C2799DF80D0040EAC2108DF80D0014
:10DFE0009DF80D009DF80E20114481F8A70F9DF8B3
:10DFF0000E000130800700286BD1FFE7019800F682
:10E00000A7719DF80E00084410F8032C10F8023C8C
:10E0100010F8010C184410444043C0438DF80C0024
:10E020009DF80C0000F03F008DF80C009DF80E20CC
:10E03000885C00F07F0088549DF80C009DF80E204D
:10E04000895C01F03F01884208D1FFE741F6B63113
:10E05000C2F20041088801300880FFE701999DF86D
:10E060000C009DF80E20114491F8A71F01F03F010C
:10E0700088422DD1FFE7019890F85A0F022827D146
:10E08000FFE701989DF80E10084490F8A41F90F83F
:10E09000A52F90F8A60F1044084428B9FFE701996E
:10E0A000022081F85A0F1BE09DF80F0070B9FFE7BE
:10E0B00001989DF80E100144D1F8A41F029102A905
:10E0C000FFF7DAFC01208DF80F00FFE7FFE7FFE71D
:10E0D000FFE7FFE79DF80E0001308DF80E001CE70A
:10E0E000FFE7019941F27A02002088520AB080BD10
:10E0F00080B59AB019901998189041F29001405C3F
:10E1000008B1FFE71DE118984FF48C710191F2F707
:10E1100074FA0199189800F58C700290F2F76DFA74
:10E120000199189800F50C700390F2F766FA0199BE
:10E13000189800F552700490F2F75FFA0199189858
:10E1400000F58C600590F2F758FA0199189800F5DF
:10E15000AF600690F2F751FA0199189800F5D26075
:10E160000790F2F74AFA0199189800F5F5600890BF
:10E17000F2F743FA0199189800F50C600990F2F74C
:10E180003CFA0199189800F6D8100A90F2F735FA7F
:10E190000199189800F52F600C90F2F72EFA01996A
:10E1A000189800F608400E90F2F727FA019918988F
:10E1B00000F552601090F2F720FA0199189800F6D5
:10E1C00038601290F2F719FA189A41F29C001490F4
:10E1D000105800210B9146231393FAF725F9029A60
:10E1E000139B14991898405804210D91FAF71CF9C3
:10E1F000039A139B14991898405808210F91FAF725
:10E2000013F9049A0B99139B18984FF4855CCDF879
:10E2100054C050F80C00FAF707F9059A0D99139BB2
:10E22000DDF854C0189850F80C00FAF7FDF8069A7B
:10E230000F99139BDDF854C0189850F80C00FAF7AA
:10E24000F3F8079A0B99139B189841F2A40CCDF898
:10E250005CC050F80C00FAF7E7F8089A0D99139B88
:10E26000DDF85CC0189850F80C00FAF7DDF8099A50
:10E270000F99139BDDF85CC0189850F80C00FAF762
:10E28000D3F80A9A139B1799189840580C211191AA
:10E29000FAF7CAF80B990C9A139B189841F2A80C3C
:10E2A000CDF858C050F80C00FAF7BEF80D990E9A48
:10E2B000139BDDF858C0189850F80C00FAF7B4F822
:10E2C0000F99109A139BDDF858C0189850F80C005D
:10E2D000FAF7AAF81199129A139BDDF858C018980A
:10E2E00050F80C00FAF7A0F8149BDDF854C0169A09
:10E2F00018991798CB58D3F800E06FF00F03CEF8B9
:10E30000103051F80CC0DCF800C0CCF810300858C0
:10E3100003686FF01F0018618958096808611E20A2
:10E32000F6F78EFC1D20F6F78BFC1B20F6F788FC19
:10E330002E20F6F785FC189941F2900201208854AE
:10E34000FFE71AB080BD000080B594B01390129121
:10E350001398119041F6B431C2F20041088801309F
:10E3600008801298006840F60001C4F2000188425B
:10E3700041D1FFE71298007F01461091012808D093
:10E38000FFE71098022812D0FFE7109804281FD04A
:10E390002FE0119901220846FFF71EFC119A41F265
:10E3A0009C00105800214623FAF73EF822E011980D
:10E3B00000F58C710F910222FFF70EFC11980F9A55
:10E3C00041F29C01405804214623FAF72DF811E050
:10E3D000119800F50C710E910422FFF7FDFB1198C6
:10E3E0000E9A41F29C01405808214623FAF71CF886
:10E3F00000E0FFE708E11298006840F20041C4F233
:10E400000001884244D1FFE71298007F01460D9138
:10E41000012808D0FFE70D98022815D0FFE70D98D6
:10E42000042822D032E0119800F552710C9101229B
:10E43000FFF7D2FB11980C9A4FF4855140580021F8
:10E440004623F9F7F1FF22E0119800F58C610B915A
:10E450000222FFF7C1FB11980B9A4FF485514058E7
:10E4600004214623F9F7E0FF11E0119800F5AF61B0
:10E470000A910422FFF7B0FB11980A9A4FF48551D4
:10E48000405808214623F9F7CFFF00E0FFE7BAE044
:10E49000129800680021C4F20101884254D1FFE7BC
:10E4A0001298007F01380146099107284AD8099936
:10E4B000DFE801F00415482648484837119800F570
:10E4C000D26108910122FFF787FB1198089A41F267
:10E4D000A401405800214623F9F7A6FF33E0119824
:10E4E00000F5F56107910222FFF776FB1198079A74
:10E4F00041F2A401405804214623F9F795FF22E098
:10E50000119800F50C6106910422FFF765FB119844
:10E51000069A41F2A401405808214623F9F784FFE6
:10E5200011E0119800F6D81105910822FFF754FB6D
:10E530001198059A41F2A40140580C214623F9F79D
:10E5400073FF00E0FFE75DE01298006840F20041D1
:10E55000C4F20101884254D1FFE71298007F0138CC
:10E560000146049107284AD80499DFE801F0041510
:10E57000482648484837119800F52F610391012239
:10E58000FFF72AFB1198039A41F2A8014058002195
:10E590004623F9F749FF33E0119800F6084102914C
:10E5A0000222FFF719FB1198029A41F2A801405884
:10E5B00004214623F9F738FF22E0119800F5526153
:10E5C00001910422FFF708FB1198019A41F2A8017A
:10E5D000405808214623F9F727FF11E0119800F66B
:10E5E000386100910822FFF7F7FA1198009A41F27A
:10E5F000A80140580C214623F9F716FF00E0FFE779
:10E60000FFE7FFE7FFE7FFE714B080BD0000000071
:10E6100080B58AB009900998089041F29001405C59
:10E6200008B9FFE771E01E20F6F7FEFA1D20F6F7A5
:10E63000FBFA1B20F6F7F8FA2E20F6F7F5FA089801
:10E6400041F29C010091405800210791FAF734F9FA
:10E6500000990898405804210391FAF72DF9009980
:10E660000898405808210491FAF726F90799089864
:10E670004FF4855201928058FAF71EF9019A0399D6
:10E6800008988058FAF718F9019A04990898805860
:10E69000FAF712F90799089841F2A40202928058F9
:10E6A000FAF70AF9029A039908988058FAF704F9D8
:10E6B000029A049908988058FAF7FEF80299089887
:10E6C00040580C210691FAF7F7F80799089841F29B
:10E6D000A80205928058FAF7EFF80399059A08986E
:10E6E0008058FAF7E9F80499059A08988058FAF7DB
:10E6F000E3F8059A069908988058FAF7DDF8089922
:10E70000079841F290028854FFE70AB080BD0000EC
:10E7100080B58EB0DDF844C0DDF840C00D900C919E
:10E720000B920A930D9B08930C9841F29801585054
:10E730000B9941F29C00019019500A994FF48552AF
:10E7400002929950109941F2A402039299501199A2
:10E7500041F2A802079299501958002204921846D3
:10E76000FFF7F6F901990898415800F58C730422D7
:10E770000592FFF7EDF901990898415800F50C73DF
:10E7800008220692FFF7E4F90299049A0898415882
:10E7900000F55273FFF7DCF90299059A0898415881
:10E7A00000F58C63FFF7D4F90299069A089841584E
:10E7B00000F5AF63FFF7CCF90399049A0898415824
:10E7C00000F5D263FFF7C4F90399059A08984158F8
:10E7D00000F5F563FFF7BCF90399069A08984158CC
:10E7E00000F50C63FFF7B4F903990898415800F657
:10E7F000D8130C220992FFF7ABF9049A07990898ED
:10E80000415800F52F63FFF7A3F9059A0799089877
:10E81000415800F60843FFF79BF9069A07990898B4
:10E82000415800F55263FFF793F907990898099A40
:10E83000415800F63863FFF78BF90EB080BD000039
:10E8400080B588B0079006918DF817200798029040
:10E850009DF8170058B1FFE700F00EFA00F080FABB
:10E86000029A41F288031A44C2E90001FFE70298C4
:10E8700000210491069A1188927841EA0242049993
:10E8800011430491049A41F2AC01415C41EA420116
:10E89000049141F29401425C049941EAC2710491ED
:10E8A000069A117853789278194411444943C94320
:10E8B0008DF80F109DF80F1001F03F018DF80F102B
:10E8C0009DF80F20049941EA42610491FFF790F806
:10E8D00002989DF81010FFF763F802989DF8111048
:10E8E000FFF75EF802989DF81210FFF759F80298AA
:10E8F0009DF81310FFF754F8029841F29801009127
:10E90000405808210191FAF73FFB4FF40C7000F0DA
:10E910001FFB009A029801998058FAF789FC08B009
:10E9200080BD00000000000080B586B0059005980D
:10E93000009000F0A1F900F013FA0246009801924D
:10E940000A4601990392029190F85A0F18BBFFE70B
:10E95000009841F29001405C48B1FFE70098FFF752
:10E9600057FE009941F2900200208854FFE700987A
:10E97000002180F8501F00F654710122FFF760FF5C
:10E98000009941F27E02885C0130885442F6E060D2
:10E9900000F0DEFA13E0009890F85A0F02280DD12B
:10E9A000FFE7009841F29001405C30B9FFE7009921
:10E9B00041F2910201208854FFE7FFE7FFE700984A
:10E9C00041F29101405C98B1FFE7009841F290015B
:10E9D000405C68B9FFE70098FFF78AFB009941F2B5
:10E9E00090020120885441F2910200208854FFE7F0
:10E9F000009890F85A0F022822D1FFE7009890F86B
:10EA0000520FE8B9FFE7009841F2DF01405C0128AE
:10EA100016DBFFE7009941F2DD02885C013049F620
:10EA20009A13C1F69913A0FB03C303EB8303A0EB76
:10EA30004300885441F2DF02885C01388854FFE7C4
:10EA400006B080BD0000000080B586B005908DF84E
:10EA50001310059803900021029180F8501F80F850
:10EA6000511F80F8521F80F8531F022280F85A2F3E
:10EA7000C0F85C1F80F8601F41F27A02815241F2B7
:10EA80007C02815241F27E02815441F27F02815424
:10EA900000F584524FF48453C150516041F2880212
:10EAA0000244C2E9001141F290030122C25441F232
:10EAB0009102815441F29202815441F294028154B4
:10EAC00041F29802815041F29C0281504FF48552EC
:10EAD000815041F2A402815041F2A802815041F2DA
:10EAE000E50281549DF8132041F2AC03C25480F832
:10EAF000561FA0F8541F80F8591FA0F8571F41F661
:10EB0000CC32C2F200429183916151611161D160B6
:10EB100091605160116041F6EA32C2F20042918385
:10EB2000916151611161D160916051601160FC216E
:10EB30001170FB215170FD219171FE21D17100F600
:10EB4000617046210091F1F736FD0099039800F6B7
:10EB5000A770F1F730FD039800F6EE708C21F1F705
:10EB60002AFD0299039841F2930281544FF48C716B
:10EB70000191F1F742FD0199039800F58C70F1F7CE
:10EB80003CFD0199039800F50C70F1F736FD0199F1
:10EB9000039800F55270F1F730FD0199039800F5E4
:10EBA0008C60F1F72AFD0199039800F5AF60F1F749
:10EBB00024FD0199039800F5D260F1F71EFD01993B
:10EBC000039800F5F560F1F718FD0199039800F539
:10EBD0000C60F1F712FD0199039800F6D810F1F7D7
:10EBE0000CFD0199039800F52F60F1F706FD0199DE
:10EBF000039800F60840F1F700FD0199039800F52D
:10EC00005260F1F7FAFC0199039800F63860F1F7C9
:10EC1000F4FC039841F2B50108442821F1F7CBFC3C
:10EC20000299039841F2DD02815441F2DE028154DF
:10EC300041F2DF02815441F2950281544FF4875230
:10EC4000815041F2E402815441F2E803C218C150FC
:10EC5000516041F2F002815041F2F402815041F2E0
:10EC6000F802815441F2B002815041F2B402815461
:10EC700006B080BD0000000080B540F27400C2F212
:10EC800000400078BFF35F8FC007A8B9FFE740F2EC
:10EC90007400C2F2004000F04CFA68B1FFE740F2A5
:10ECA000C800C2F2004000F053F840F27400C2F213
:10ECB000004000F054FAFFE740F2C800C2F2004002
:10ECC00080BD00000000000040F28800C2F2004059
:10ECD000006800B3FFE740F28800C2F2004000681D
:10ECE0000068C068C007A8B1FFE740F28800C2F220
:10ECF0000040006801686FF00100086140F2800286
:10ED0000C2F20042D2E90001013041F10001C2E942
:10ED10000001FFE7FFE7704780B582B001900091E6
:10ED200040F28800C2F20040006868B9FFE700982E
:10ED300050B1FFE7009940F28800C2F20040016044
:10ED40000068F9F7F1F8FFE702B080BD00000000AD
:10ED500081B00090009801B07047000000000000F2
:10ED600080B58CB0079040F28800C2F20040006885
:10ED700020B9FFE70020099008904AE0EFF31080E7
:10ED80000A900A980290EFF3108072B60B9040F24E
:10ED90008000C2F20040D0E900010591049040F2E9
:10EDA0008800C2F2004001680968496A039100685E
:10EDB00000680069C00760B1FFE740F28000C2F25E
:10EDC0000040D0E90010013140F1000004910590AD
:10EDD000FFE7029810B9FFE762B6FFE740F288004C
:10EDE000C2F2004000680068C06A01300021019151
:10EDF00000900498059A009BDDF804C0A0FB031E58
:10EE000000FB0CE05A43039BC9185041089109903C
:10EE1000FFE7089809990CB080BD000000000000D1
:10EE200081B0ADF80200BDF90200002812D4FFE75E
:10EE3000BDF9021001F01F02012090404A094EF274
:10EE40008011CEF2000141F82200BFF34F8FBFF3D3
:10EE50006F8FFFE701B0704781B0ADF80200BDF9D8
:10EE6000020000280ED4FFE7BDF9021001F01F02D6
:10EE7000012090404A094EF20011CEF2000141F803
:10EE80002200FFE701B070474EF60C50CEF20000B2
:10EE90000068C0F30220704782B0ADF80600009110
:10EEA000BDF9060000280AD4FFE700980001BDF96B
:10EEB00006104EF20042CEF2000288540BE0009899
:10EEC0000001BDF8061001F00F014EF61452CEF20B
:10EED00000028854FFE702B0704700000000000005
:10EEE00083B00290029800F0070000904EF60C519B
:10EEF000CEF200010868019001984FF6FF02104021
:10EF000001900198009A40EA02200022C0F2FA52D1
:10EF1000104301900198086003B0704700000000A2
:10EF200080B540F2D000C2F200400021FFF78CFD16
:10EF300080BD00000000000080B5FEF769FB41F2D3
:10EF4000D011C2F20041086080BD00000000000046
:10EF500083B0029041F20400CEF2000000680190FC
:10EF6000029840F20001C2F2004109684DF6836246
:10EF7000C4F21B32A1FB0221890C48430090FFE739
:10EF800041F20400CEF2000000680199401A009995
:10EF9000884201D2FFE7F3E703B0704700000000AA
:10EFA00080B588B000200790FEF78AFAF5F738FDA3
:10EFB0000F20F5F775FD18B1FFE7F2F7F9F9FFE754
:10EFC000FEF716FAFBF750F9FBF79AF8FBF750FB40
:10EFD000FBF75EFAFBF7CCF9FBF712FCFBF7C8FA7C
:10EFE000FBF7CAFBFBF79CFCFBF732FFF2F7C8F913
:10EFF000FFF742FE0690069841F68421C2F20041D6
:10F00000FFF78AFE41F6D020C2F200406946486010
:10F0100041F65410C2F20040086040F2D000C2F243
:10F020000040059041F6A011C2F2004141F638229D
:10F03000C2F2004241F6EC13C2F20043FFF768FB54
:10F04000059A41F2D010C2F20040006841F61C312E
:10F05000C2F20041FEF740FBFFE740F2D000C2F2EF
:10F060000040FFF761FC41F2D010C2F2004000689E
:10F07000FEF752FB0698FFF773FE0490049941F6E1
:10F08000B030C2F200400160006840F27801C2F284
:10F0900000410968401AC8284AD3FFE741F6B0305A
:10F0A000C2F20040006840F27801C2F200410860FC
:10F0B00044F20840C4F2000000684006002836D43C
:10F0C000FFE744F20841C4F20001086840F0400044
:10F0D000086041F61C30C2F200400290FAF7DCFAF8
:10F0E00002980268202111620268102103911162C6
:10F0F000026808211162026804211162026802217B
:10F10000116202680121116241F2D011C2F2004184
:10F110000B68002283F821200B68DA8309681E221D
:10F12000FAF79EF90299039809680862FFE7FFE77A
:10F1300093E7017809B1002070474178012903D095
:10F140008A0705D402224270481E18BF012070476A
:10F1500080B54FF2C410C0F6000000F004F80121A1
:10F16000017041707047F1F7BBFAF1EE100A4FF6EB
:10F17000FF71C0F2C03120EA010040F04070E1EEC2
:10F18000100A70470000000001020304010203049A
:10F1900006070809000610160006101608040204E7
:10F1A0000801010101010103070100000100020043
:10F1B0000400060008000A000C00100020004000B7
:10F1C000800000015F5F6378615F67756172645FF3
:10F1D00061637175697265206465746563746564E3
:10F1E0002072656375727369766520696E697469EA
:10F1F000616C697A6174696F6E3A20646F20796F0F
:10F2000075206861766520612066756E6374696F2C
:10F210006E2D6C6F63616C2073746174696320760A
:10F2200061726961626C652077686F736520696ED1
:10F23000697469616C697A6174696F6E2064657064
:10F24000656E6473206F6E20746861742066756EDD
:10F250006374696F6E3F000080F2000800000024B4
:10F26000100000003003000890F200081000002495
:10F27000002200005003000869E1FFFF00000000C9
:10F280000090D0030090D0030100000010000000A7
:04000005080002CD20
:00000001FF
